benchmark_paper_id,paper_id,title,authors,abstract,category,primary_category,published,updated,url,year,topic_cluster,included_in_benchmark
astrobench_c83c1593d9,9,A multi-scale molecular and atomic gas view on the HII region N113 in the Large Magellanic Cloud:Evidence for high-mass star formation triggered by supersonically-colliding HI flows,"Rin I. Yamada, Kazuki Tokuda, Yasuo Fukui, Daiki Adachi, Marta Sewiło, Rémy Indebetouw, C. -H. Rosie Chen, Kisetsu Tsuge, Takeru Nishioka, Hidetoshi Sano, Mao Tamashiro, Naslim Neelamkodan, Tony Wong, Lynn R. Carlson, Joana M. Oliveira, Akiko Kawamura, Kengo Tachihara, Toshikazu Onishi","The Large Magellanic Cloud (LMC) exhibits vigorous high-mass star formation, including the HII regions 30~Dor that is the most active site of star formation in the local group. The present paper focuses on the Giant Molecular Cloud (GMC) in the HII region N113 in the central part of the LMC. Based on the $^{12}$CO($J$ =1-0) and $^{13}$CO($J$ = 1-0) data at a resolution of approximately 0.2 pc taken with ALMA+APEX, we reveal that the GMC consists of two filamentary structures each of approximately 10 pc in length, forming a V-shape pattern with a vertex angle of 90 degrees. The filamentary structures host high-mass young stellar objects in gravitationally bound dense gas. Large-scale HI gas data covering 100 pc reveal two distinct velocity components separated by more than 40 km s$^{-1}$, that correspond to the low velocity (L-) and disk (D-) HI components of the LMC. The L-component appears to be located in a cavity-like distribution of the D-component, and the CO filaments are positioned at the cavity's edge. We find evidence for the L-component to fit the cavity by a 53 pc displacement, and suggest that collisional compression of the HI gas during the last 1.3 Myr triggered the GMC formation and the high-mass star formation. This lends support for the large scale collision driven by the tidal interaction is playing a role in evolution of interstellar medium in N113.",astro-ph.GA,astro-ph.GA,2026-03-31T15:46:03Z,2026-03-31T15:46:03Z,http://arxiv.org/abs/2603.29899v1,2026,galactic_dynamics,True
astrobench_9412e325b6,13,"The SPHEREx Instrument: Calibration, testing and performance measurements of the NIR 2 spectroscopic surveyor from the laboratory to in-orbit commissioning","Phil M. Korngut, James J. Bock, Samuel Condon, C. Darren Dowell, Candice M. Fazar, Howard Hui, Bradley D. Moore, Bret J. Naylor, Chi H. Nguyen, Stephen Padin, James Wincentsen, Asad M. Aboobaker, Rachel Akeson, John M. Alred, Farah Alibay, Matthew L. N. Ashby, Yoonsoo P. Bach, Joseph Bichel, Douglas Bolton, David F. Braun, Thomas Brown, Sean A. Bryan, Jill Burnham, Thomas A. Burk, Nicholas Burke, Ben Catching, Tzu-Ching Chang, Shuang-Shuang Chen, Yun-Ting Cheng, Yi-Kuan Chiang, Yong Chong, Asantha Cooray, Walter R. Cook, Velibor Cormarkovic, Brendan P. Crill, Ari J. Cukierman, Andrew Davis, Dan Darga, Thomas Disarro, Olivier Dore, Beth E. Fabinsky, Andreas L. Faisst, James L. Fanson, Allen H. Farrington, Tamim Fatahi, Richard M. Feder, Eric H. Frater, Tatiana Goldina, Varoujan Gorjian, William G. Hart, Warren Hendricks, Joseph L. Hora, Viktor Hristov, Zhaoyu Huai, Charles A. Hulse, Young-Soo Jo, Woong-Seob Jeong, Makenzie L. Kamei, Jae Hwan Kang, Branislav Kecman, Will Marchant, Giacomo Mariani, Daniel C. Masters, Gary J. Melnick, Hiromasa Miyasaka, Giulia Murgia, Christina Nelson, Hien T. Nguyen, Christopher Owen, Roberta Paladini, Sung-Joon Park, Harshad Patil, Konstantin Penanen, Chris Piazzo, Jeonghyun Pyo, Amelia Quon, Keshav Ramanathan, Zafar Rustamkulov, Daniel J. Reiley, Eric B. Rice, Flora Ridenhour, Amber Roberts, Jennifer M. Rocca, Alessandro Signorini, Sara Susca, Volker Tolls, Phani Velicheti, Pao-Yu Wang, Michael W. Werner, Casey White, Ross Williamson, Yujin Yang, Michael Zemcov","The SPHEREx near-infrared space telescope is an all-sky spectroscopic survey mission launched on March 12th, 2025 UTC. In addition to providing the community with a spectral database applicable to a wide range of investigations, it is optimized to address three core science goals: to survey the large scale structure of the Universe for signatures of non-Gaussianity during inflation; to conduct intensity mapping studies of the extragalactic background light for probing the history of galaxy evolution; and to survey the plane of the Milky Way for the prevalence and distribution of water and other biogenic ices. Each of these science goals imposes unique requirements on the performance of the instrument. We detail the design and testing strategies and report the performance results for the full instrument test campaign, ranging from component-level screening to in-orbit tests during the commissioning phase. The instrument, currently operating in full science survey mode, meets all of its driving requirements including optical performance, point source sensitivity, thermal stability and correlated noise minimization.",astro-ph.IM,astro-ph.IM,2026-03-31T14:57:28Z,2026-03-31T14:57:28Z,http://arxiv.org/abs/2603.29835v1,2026,galactic_dynamics,True
astrobench_7b30a7e2e5,18,Accurate Determination of Chemical Abundances near a Supermassive Black Hole,The XRISM collaboration,"The metal abundances in galactic nuclei carry key information on the history of star formation and mass transfer in central regions of galaxies. X-ray fluorescence analysis is a unique tool to reliably measure the abundances of various elements via simple physics. Here we present a new observation of the active nucleus in the Circinus Galaxy with the XRISM satellite at unprecedented X-ray energy resolution. The fluorescent iron-K$α$ line profile modified by Compton scattering indicates that the material responsible for its emission is cold, metal-rich, and is located $\gtrsim$0.024 parsecs (pc) from the supermassive black hole, consistent with the dusty torus region. The abundance pattern derived from comparing fluorescent line intensities of different metals shows sub-solar ratios of argon- and calcium-to-iron, and a super-solar ratio of nickel-to-iron. This abundance pattern is best produced by a combination in number fraction of $92^{+2}_{-4}$\% core-collapse supernovae from progenitor stars less massive than $20^{+3}_{-2} M_\odot$ and $8^{+4}_{-2}$\% type-Ia SNe. This suggests that gas feeding the super-massive black hole was enriched by recent core-collapse supernovae. Our findings imply that in metal-rich environments stars more massive than about 20 $M_\odot$ directly collapse into black holes or make faint SNe without ejecting heavy metals into the space.",astro-ph.HE,astro-ph.HE,2026-03-31T13:51:09Z,2026-03-31T13:51:09Z,http://arxiv.org/abs/2603.29748v1,2026,galactic_dynamics,True
astrobench_e79f7171c5,19,"New Constraints on the M Dwarf Cosmic Shoreline from a Galaxy Far, Far Away",Michael Radica,"Whether there is a cosmic shoreline that divides terrestrial planets which have atmospheres from those that don't is one of the biggest open questions in exoplanet science. Most atmosphere searches have focused on terrestrial planets around M dwarf stars, since their smaller radii compared to sun-like stars boost planet atmosphere signals. However, the higher activity levels of M dwarfs might also entirely preclude atmosphere retention for their planets. In this work we present a new hope for defining an M dwarf cosmic shoreline, leveraging not only data from exoplanets in our own galaxy, but a comprehensive survey conducted by a commission of the Galactic Republic a long, long time ago in a galaxy far, far away. In this survey, we find definitive proof that M dwarf planets can retain atmospheres, and define an M dwarf cosmic shoreline whose slope agrees well with empirical predictions for Sun-like stars. We then define atmosphere retention metrics for the planets on the JWST Rocky Worlds DDT Targets Under Consideration list. Our analysis highlights the benefits of looking beyond the Milky Way for answers to some of the field's most pressing questions.",astro-ph.EP,astro-ph.EP,2026-03-31T13:40:36Z,2026-03-31T13:40:36Z,http://arxiv.org/abs/2603.29743v1,2026,galactic_dynamics,True
astrobench_a92533502a,23,Direct N-body simulations of rotating and extremely massive Population III star clusters,"Kai Wu, Ataru Tanikawa, Francesco Flammini Dotti, Marcelo C. Vergara, Boyuan Liu, Albrecht W. H. Kamlah, Manuel Arca Sedda, Nadine Neumayer, Rainer Spurzem","Aims. We present eight direct N-body simulations with NBODY6++GPU of extremely massive, initially rotating Population III star clusters with 1.01 x 10^5 stars. Methods. Our models include primordial binaries, a continuous initial mass function, differential rotation, tidal mass loss, updated fitting formulae for extremely massive metal-poor Population III stars, and general-relativistic merger recoil kicks. We assess their impact on cluster dynamics. Results. All runs form black holes below, within, and above the pair-instability gap, with multi-generation growth. Faster-rotating clusters core-collapse earlier; post-collapse clusters host a rotating, axisymmetric subsystem of intermediate-mass black holes (IMBHs) at the centre and an expanding halo of lower-mass objects. Pair-instability supernovae and compact-object formation at ~2-3 Myr sharply reduce total mass and a large fraction of the cluster's angular momentum. All Population III clusters in our simulations have the gravothermal-gravogyro catastrophe phase. Conclusions. We confirm two of the hypothesized formation channels of galactic nuclei seed black holes: gravitational runaway mergers of black holes and of Population III stars, which core-collapse into IMBHs thereafter. Higher initial star cluster bulk rotation correlates with earlier core collapse and, in the event counts reported here, with more coalescences/collisions and lower retained (compact) binary abundances. Initial bulk rotation is a primary control parameter of cluster evolution: faster rotation accelerates early angular-momentum transport, gravothermal collapse, mass segregation, and amplifies post-collapse expansion, which also favours the formation of a compact central IMBH subsystem.",astro-ph.GA,astro-ph.GA,2026-03-31T12:21:13Z,2026-03-31T12:21:13Z,http://arxiv.org/abs/2603.29657v1,2026,galactic_dynamics,True
astrobench_3715816dc6,24,Constraints on the host galaxy and AGN properties of three z > 6 JWST AGN from NOEMA observations,"Giovanni Mazzolari, Hannah Übler, Rodrigo Herrera Camus, Ric Davies, Linda Tacconi, Dieter Lutz, Natascha Förster Schreiber, Francesco D'Eugenio, Minju Lee, Capucine Barfety, Elena Bertola, Andrew Bunker, Andreas Burkert, Jianhang Chen, Giovanni Cresci, Frank Eisenhauer, Juan Manuel Espejo Salcedo, Simon Flesch, Reinhard Genzel, Xihan Ji, Lilian Lee, Daizhong Liu, Cosimo Marconcini, Roberto Maiolino, Thorsten Naab, Amit Nestor Shachar, Meghana Pannikkote, Eleonora Parlanti, Stavros Pastras, Michele Perna, Claudia Pulsoni, Bruno Rodriguez del Pino, Eckhard Sturm, Taro Shimizu, Giulia Tozzi","We targeted with deep NOEMA observations the [CII]158$μ$m emission of three JWST-discovered AGN at z>6. Two of them have the typical features of Little Red Dots (LRDs), while the third one is a blue, extended, Type I AGN. We do not significantly detect [CII] emission or dust continuum in any of the targets, even after stacking. The resulting [CII] luminosity upper limits, $\log (L_{[CII]}/L_{\odot})<7.77-8.1$, lie $\sim2σ$ below the values expected from the [CII]-SFR relation, and we explore different scenarios to explain the lack of [CII]. We obtained upper limits on the gas masses of $\log (M_{gas}/M_{\odot})<9.26-9.59$ corresponding to $\log( M_{dust}/M_{\odot})<5.68-6.55$ assuming a metallicity dependent dust to gas ratio. Using the continuum non-detections (rms $\sim 16-25 ~μJy$) together with JWST/MIRI constraints, we performed a revised SED-fitting decomposition, resulting in stellar masses up to $\sim 2$ dex lower than previously reported, and implying $0.03\lesssim M_{BH}/M_{*}\lesssim0.7$. For the two LRDs, the SED is well reproduced by stellar emission in the rest-frame UV, while the rising rest-frame optical slope, flattening toward the near-infrared, is consistent with emission from a Type I AGN partially obscured along the polar direction with $E(B-V)_{\rm polar}\simeq 1$, in agreement with attenuation derived from the broad lines Balmer decrement. This decomposition demonstrates that a relatively standard AGN configuration can reproduce the SEDs of the two LRDs, without invoking more exotic scenarios. Finally, we investigate the positions of the three sources in the $IRX-β_{UV}$ plane, finding that they lie in a parameter space where galaxies are typically characterized by patchy dust distributions. Our analysis highlights the importance of millimeter constraints to characterize the different physical properties of high-z AGN.",astro-ph.GA,astro-ph.GA,2026-03-31T12:15:38Z,2026-03-31T12:15:38Z,http://arxiv.org/abs/2603.29652v1,2026,galactic_dynamics,True
astrobench_2dc66d12b4,27,"StarHash: unique, memorable, and deterministic names for astronomical objects",T. L. Killestein,"The naming of astronomical objects has represented among the most significant challenges in the record-keeping of the field since the very beginning. Long and unwieldy coordinate names, uninformative and ambiguous internal names, and the sheer volume of aliases accumulated for some of the most studied objects conspire to complicate our study of the celestial sphere. This paper proposes StarHash, a reproducible, open-source astronomical naming scheme based on the terrestrial concept of geohashing, but re-implemented from the ground up for the rigorous demands of astronomy. Every 3.2 arcsec patch of sky now has three words associated with it, enabling the precise localisation of astronomical sources, and an easily communicable and memorable identifier. A carefully selected wordlist reduces ambiguity due to plurals and homophones, whilst the use of format-preserving encryption minimises residual spatial correlation in StarHash-derived identifiers. Pre-computed names for several existing catalogues are provided, alongside a Python reference implementation for validation and integration into databases, transient brokers, and other similar projects. Although not intended to be the final word in the naming of astronomical objects, StarHash humbly provides a memorable alternative to the status quo, and is intended to spark a discussion about this most foundational of issues in astronomy.",astro-ph.IM,astro-ph.IM,2026-03-31T11:04:27Z,2026-03-31T11:04:27Z,http://arxiv.org/abs/2603.29584v1,2026,galactic_dynamics,True
astrobench_5a7e978abc,28,"Brightness, Colour, Polarisation: A Multi-Instrument Observation Campaign of the Gorizont-6 Satellite","Robert J. S Airey, Paul Chote, Klaas Wiersema, Ioannis Apergis, James McCormac, James A. Blake, Benjamin F. Cooke, Isobel S. Lockley, Peter J. Wheatley, Daniel Bayliss, Samuel Gill, Christopher A. Watson, Stefano Covino, Frans Snik, Jon Marchant, Justyn Maund, Brooke Simmons, Iain A. Steele","We present a coordinated multi-instrument photometric and polarimetric study of the defunct geosynchronous satellite, Gorizont-6. This observation campaign combined wide-field multi-colour observations with simultaneous multi-site photometry and linear polarimetry. Our results demonstrate that the combined simultaneous colour and polarimetric measurements aid in breaking the degeneracy between the fundamental spin period and its harmonics, enabling light curve features to be associated with specific reflecting surfaces. Using phase-dispersion minimisation with bootstrap resampling, we then measure a steadily increasing rotation period across six epochs spanning nine months, well described by a damped exponential curve consistent with Yarkovsky O'Keefe Radzievskii Paddack (YORP) driven spin-down. A geometrical analysis of the multi-site observations provides additional constraints on the spin-axis orientation based on paired glint events. Overall, multi-colour photometry yields efficient, robust period measurements compared with single-band data, while polarimetry supplies the decisive constraints needed for unambiguous rotation-state determination, highlighting the value of combined photometric-polarimetric strategies for characterising defunct satellites.",astro-ph.IM,astro-ph.IM,2026-03-31T10:16:41Z,2026-03-31T10:16:41Z,http://arxiv.org/abs/2603.29534v1,2026,galactic_dynamics,True
astrobench_5a0fea33d4,30,"Anomaly detection in Fink. I. Discovery, follow-up, and classification of unusual sources","M. V. Pruzhinskaya, M. V. Kornilov, A. V. Dodin, A. Baluta, T. A. Pshenichniy, A. M. Zubareva, E. E. O. Ishida, J. Peloton, I. Beschastnov, I. Ippolitov, A. A. Belinski, P. Golysheva, N. P. Ikonnikova, V. A. Kiryukhina, V. V. Krushinsky, A. M. Tatarnikov, S. G. Zheltoukhov, D. A. Buckley, A. Kniazev, S. V. Karpov, A. Möller, Y. Tampo","Modern wide-field time-domain surveys produce alert streams whose scientific potential is often concentrated in rare and unusual events. Efficient discovery therefore requires automated pipelines to be combined with rapid expert validation and follow-up. We present the first-year performance of the anomaly-detection (AD) pipeline operating within the Fink broker on the Zwicky Transient Facility alert stream, and assess its ability to identify scientifically valid outliers and enable discovery of rare phenomena. The pipeline transforms ZTF light curves into a compact set of features and ranks alerts using an Isolation Forest model trained on archival ZTF data. Each night, the 10 most anomalous candidates are distributed to experts via Slack/Telegram and exposed through an API. We also implement an expert-feedback loop using a public Telegram bot and retrain the model using the Active Anomaly Discovery algorithm. During the first year of operations (starting from 25 January 2023), the AD pipeline identified multiple high-interest sources and triggered dedicated photometric and spectroscopic follow-up. We report the discovery and multi-instrument (11-m SALT telescope, 2.5-m CMO telescope, 0.6-m ASA RC600, 0.25-m FRAM-ORM) follow-up of the rare AM CVn system Fink J062452.88+020818.3 of the WZ Sge type, UX Ori-type star Fink J222324.32+744222.0 and the unusual transient with precursor SN 2023mtp. In addition, the module triggered 33 supernovae, including 30 previously unreported ones, with candidates for superluminous and hostless events. Furthermore, nine new dwarf novae were discovered. These results show that broker-level anomaly detection, coupled with rapid dissemination, expert assessment, and follow-up observations, provide an effective bridge between large-scale survey streams and domain expertise, turning anomaly scores into astrophysical insights and concrete discoveries.",astro-ph.HE,astro-ph.HE,2026-03-31T09:53:05Z,2026-03-31T09:53:05Z,http://arxiv.org/abs/2603.29511v1,2026,galactic_dynamics,True
astrobench_d465ee1541,31,Milky Way evolution on a human timescale,"Eugene, Neige","How do galaxies form and evolve? This is one of the most puzzling questions in astronomy. Galaxy assembly takes place throughout the entire history of the Universe, but our understanding of it is hampered by the unfortunate fact that we can only observe galaxies at a single moment in time. Here, we use archival data of decades-long monitoring of the Milky Way to examine some of its key characteristics, namely the mass of its central black hole, the pattern speed of the bar, and the distance from the Sun to the Galactic centre. We find a surprisingly fast evolution of these three properties on a timescale of only a few decades, and speculate that it might be driven by shared physical processes.",astro-ph.GA,astro-ph.GA,2026-03-31T09:44:18Z,2026-03-31T09:44:18Z,http://arxiv.org/abs/2603.29503v1,2026,galactic_dynamics,True
astrobench_79edfd6850,33,Constraining the Galactic bar and spiral pattern speeds with the Hyades tidal stream,"Zi-yi Zhou, Long Wang, Tereza Jerabkova, Zhenghao He","We present a suite of direct $N$-body simulations of the Hyades open cluster and its tidal stream in a Milky Way potential that includes a rotating bar and spiral arms. Using the high-resolution code PETAR and an AGAMA-based multi-component Galactic model, we vary the bar and spiral pattern speeds ($Ω_b$, $Ω_s$) on a discrete grid and quantify the resulting changes in stream orientation, length, and internal density structure. We compare the simulations to Gaia EDR3 using the convergent point (CP) and compact convergent point (CCP) methods, followed by an adaptive three-dimensional nearest-neighbor matching in Cartesian space $(x,y,z)$. The Gaia candidate members exhibit a pronounced longitudinal density peak at $Y_{\mathrm{rot}} \approx 0.1\,\mathrm{kpc}$ in a stream-aligned coordinate system. Models with $Ω_s = 22.5\,\mathrm{km\,s^{-1}\,kpc^{-1}}$ and $Ω_b \simeq 40$--$45\,\mathrm{km\,s^{-1}\,kpc^{-1}}$ best reproduce this feature, while faster-bar models fail to match the observed density structure. These models are consistent with recent constraints favoring a relatively slow Galactic bar, and they illustrate how nearby open-cluster streams can provide an independent, local constraint on non-axisymmetric Galactic dynamics.",astro-ph.GA,astro-ph.GA,2026-03-31T07:33:52Z,2026-03-31T07:33:52Z,http://arxiv.org/abs/2603.29360v1,2026,galactic_dynamics,True
astrobench_89946c0156,34,An innovative alternative to traditional funding streams for extragalactic astronomy,"Stephen M. Wilkins, Jack Turner, Connor Sant Fournier, Behnood Bandi, Aswin Vijayan","With traditional sources of funding for astronomical research under increasing pressure, it is timely to explore innovative alternative mechanisms. We therefore introduce GalaxyCoin, a novel cryptocurrency whose issuance, validation, and economic evolution are anchored to real astrophysical objects - galaxies. GalaxyCoin links digital scarcity to observational astronomy by using galaxy catalogues to parametrise token generation, distribution, and long-term supply growth, providing a transparent, immutable, and independently verifiable foundation for the currency. We present the conceptual design of GalaxyCoin, highlight its potential advantages over conventional cryptocurrencies, and examine its broader implications for sustainability, trust, and public engagement at the intersection of astronomy, data-driven science, and blockchain technology. A central feature of GalaxyCoin is that it directly incentivises the discovery and spectroscopic confirmation of galaxies, aligning financial reward with the production of high-quality astronomical data. In terms of monetary design, its supply elasticity lies between that of fiat currencies and fixed-supply cryptocurrencies, making it distinctive in both economic structure and scientific purpose.",astro-ph.IM,astro-ph.IM,2026-03-31T07:08:07Z,2026-03-31T07:08:07Z,http://arxiv.org/abs/2603.29340v1,2026,galactic_dynamics,True
astrobench_a38a19794b,25,Multi-hierarchy simulation of Riemann problem for reconnection exhausts,"Keita Akutagawa, Shinsuke Imada, Munehito Shoda","Magnetic reconnection drives a wide range of astrophysical plasma phenomena, including solar flares, by converting magnetic energy into plasma energy through changes in magnetic field topology. Petschek reconnection is a magnetohydrodynamic (MHD) model in which magnetic field lines reconnect within a localized diffusion region, and a pair of switch-off slow shocks forms outside this region, enabling efficient energy conversion. Whether this picture remains valid when kinetic effects are included remains an open question. In this study, we examine the formation and properties of slow shocks associated with reconnection exhausts by solving a two-dimensional Riemann problem using a multi-hierarchy framework that couples MHD and particle-in-cell (PIC) simulations. We find that a slow shock close to the switch-off limit forms in the MHD domain even when slow shock formation is suppressed in the PIC domain, and that this behavior is insensitive to the size of the PIC domain. The formation of the slow shock further promotes plasma isotropization within the PIC domain. These results suggest that Petschek-like reconnection remains viable in collisionless-collisional systems, such as solar flares, where temperature anisotropy appears to be relaxed far from the reconnection region.",astro-ph.SR,astro-ph.SR,2026-03-31T12:03:36Z,2026-03-31T12:03:36Z,http://arxiv.org/abs/2603.29638v1,2026,distribution_functions,True
astrobench_705f443da5,32,"Distribution function-based modelling of discrete kinematic datasets, in application to the Milky Way nuclear star cluster","Eugene Vasiliev, Anja Feldmeier-Krause, Mattia C. Sormani","We present a method for constructing dynamical models of stellar systems described by distribution functions and constrained by discrete-kinematic data. We implement various improvements compared to earlier applications of this approach, demonstrating with several examples that it can deliver meaningful constraints on the mass distribution even in situations when the density profile of tracers and the selection function of the kinematic catalogue are unknown. We then apply this method to the Milky Way nuclear star cluster, using kinematic data (line-of-sight velocities and proper motions) for a few thousand stars within 10 pc from the central black hole, accounting for the contributions of the nuclear stellar disc and the Galactic bar. We measure the mass of the black hole to be 4x10^6 Msun with a 10% uncertainty, which agrees with the more precise value obtained by the GRAVITY instrument. The inferred stellar mass profile depends on the choice of kinematic data, but the total mass within 10 pc is well constrained in all models to be (2.0-2.3)x10^7 Msun. We make our models publicly available as part of the Agama software framework for galactic dynamics.",astro-ph.GA,astro-ph.GA,2026-03-31T09:44:14Z,2026-03-31T09:44:14Z,http://arxiv.org/abs/2603.29502v1,2026,distribution_functions,True
astrobench_607ea01ed4,75,Numerical calculations of neutron star mountains supported by crustal lattice pressure,"T. J. Hutchins, D. I. Jones","Gravitational waves may set the spin frequencies of neutron stars in low-mass X-ray binaries (LMXBs). One mechanism for facilitating such emission is the formation of a mass asymmetry - or 'mountain' - supported by elastic strains driven by thermal gradients. Most studies have focused either on the origin of the elastic strains or the temperature asymmetry in isolation, and have not considered the entire formation process. In previous work, we showed that anisotropic heat transport in magnetised accreting neutron stars can source a significant temperature asymmetry, and made rough estimates that suggested temperature-induced perturbations in the pressure supplied by the crustal lattice may be competitive with the widely known model of temperature-induced capture-layer shifts. In this paper we carry out detailed calculations to properly explore this scenario. We self-consistently calculate both the temperature asymmetries, the perturbations in crustal lattice pressure, and the mass asymmetries within a single framework. For the first time, we make use of the set of realistic equations of state from the Brussels-Montreal nuclear energy-density functionals BSk19, BSk20, and BSk21 which describe all regions of accreting neutron stars in a thermodynamically consistent, unified way. We find these mountains are too small to be dictating the spin-equilibrium of LMXBs, and estimate the level of gravitational wave emission they produce.",astro-ph.HE,astro-ph.HE,2026-03-30T18:00:02Z,2026-03-30T18:00:02Z,http://arxiv.org/abs/2603.28857v1,2026,distribution_functions,True
astrobench_7f15ee8dc6,128,Toward More Realistic Machine-Learning Inference of the Dense-Matter Equation of State from Supernova Gravitational Waves,"Almat Akhmetali, Y. Sultan Abylkairov, Marat Zaidyn, Aknur Sakan, Alisher Zhunuskanov, Nurzhan Ussipov, José Antonio Font, Alejandro Torres-Forné, Ernazar Abdikamalov","Gravitational waves from core-collapse supernovae offer a unique probe of the equation of state (EOS) of dense nuclear matter. For rapidly rotating stars, previous machine-learning studies demonstrated promising EOS classification accuracy. However, these analyses relied on several simplifying assumptions. In this work, we relax three key assumptions. First, we include real detector noise. Second, we expand the analysis from a single progenitor model to four models spanning 12 to 40 solar masses, and for each mass we consider multiple rotational configurations, from slow to rapid. Third, we introduce uncertainty in the core bounce time of up to 20 ms, rather than assuming it is known precisely. We find that none of these effects significantly degrades EOS classification performance. Instead, the larger dataset associated with multiple progenitor models and noise realizations improves training and classification accuracy. This study is a step in a broader effort to progressively incorporate more realistic conditions into gravitational-wave inference for core-collapse supernovae.",astro-ph.HE,astro-ph.HE,2026-03-29T13:07:40Z,2026-03-29T13:07:40Z,http://arxiv.org/abs/2603.27680v1,2026,distribution_functions,True
astrobench_751415ed9c,272,Interstellar stereoisomerism,"Víctor M. Rivilla, Miguel Sanz-Novo, David San Andrés","The increasing detection of new molecules in the interstellar medium (ISM) shows that stereoisomerism is a fundamental contributor to interstellar molecular complexity. This work presents the first comprehensive overview of interstellar stereoisomerism. A total of 16 stereoisomeric pairs have been identified (13 conformational and 3 geometric), spanning molecules with 5-12 atoms and energy separations from 10 K to 2667 K. They were observed across diverse astrophysical environments with kinetic temperatures ranging from low to high values (7.5-300 K). The observed stereoisomeric ratios (OSR) - defined as the column density ratio of the higher-energy isomer divided by that of the lower-energy isomer - vary widely (0.009-4). While systems with small energy differences (1.2 kcal/mol) in hot environments (> 100 K) generally follow thermodynamic expectations (often assisted by tunneling-driven interconversion), many stereoisomers - particularly those in cold clouds or with larger energy separations - exhibit abundances far exceeding equilibrium values. This demonstrates that thermodynamics alone cannot explain interstellar stereoisomerism. Instead, stereoselective formation/destruction pathways (in the gas phase and/or in the surface of dust grains), photoisomerization, and chemical rearrangement during desorption must play a dominant role. Stereoisomeric ratios thus provide powerful constraints on interstellar chemical pathways, and about the physico/chemical conditions of the ISM. This review highlights the need for stereochemistry-sensitive astrochemical models. Progress in this field requires expanded laboratory spectroscopy of higher-energy stereoisomers, dedicated quantum chemical studies of isomerization processes, and the explicit inclusion of stereoselective chemistry in chemical networks.",astro-ph.GA,astro-ph.GA,2026-03-25T22:29:00Z,2026-03-25T22:29:00Z,http://arxiv.org/abs/2603.24848v1,2026,distribution_functions,True
astrobench_e1eb34802a,288,A scalable Bayesian framework for galaxy emission line detection and redshift estimation,"Alexander Kuhn, Bonnabelle Zabelle, Sara Algeri, Galin L. Jones, Claudia Scarlata","Estimating galaxy redshifts is crucial for constraining key physical quantities like those in the equation of state of dark energy. Modern telescopes such as the James Webb Space Telescope, the Euclid Space Telescope, and the NASA Nancy Grace Roman Space Telescope are producing massive amounts of spectroscopic data that enable precise redshift estimation. However, a galaxy's redshift can be estimated only when emission lines are present in the observed spectrum, which is unknown a priori. A novel Bayesian approach to estimating redshift and simultaneously testing for the presence of emission lines is developed. Although modern spectroscopic surveys involve millions of spectra and give rise to highly multimodal posterior distributions, the proposed framework remains computationally efficient, admitting a parallelizable implementation suitable for large-scale inference.",astro-ph.IM,astro-ph.IM,2026-03-25T18:40:13Z,2026-03-25T18:40:13Z,http://arxiv.org/abs/2603.24715v1,2026,distribution_functions,True
astrobench_909c3b4767,305,From friction scaling to an efficient method for estimating bubble wall velocity,"Tomasz Krajewski, Marek Lewicki, Marco Merchand, Ignacy Nałęcz, Mateusz Zych",We present a unified description of first-order cosmological phase transition dynamics that links the phenomenological friction model employed in hydrodynamic simulations to the microscopic treatment based on Boltzmann equations. We derive an approximate analytical expression for the chemical potential and demonstrate that the resulting friction parameter $\tildeη$ follows a simple power-law dependence on the transition strength ($\propto v_n^4/T_n^4$). Incorporating this scaling into a phenomenological framework accurately reproduces the terminal wall velocities obtained from the full microscopic analysis performed using \texttt{WallGo}. This approach offers an efficient method to quantify out-of-equilibrium contributions to friction and reliably estimate bubble-wall velocities.,astro-ph.CO,astro-ph.CO,2026-03-25T17:56:31Z,2026-03-25T17:56:31Z,http://arxiv.org/abs/2603.24583v1,2026,distribution_functions,True
astrobench_3c4f4016f7,338,SM-Net: Learning a Continuous Spectral Manifold from Multiple Stellar Libraries,"Omar Anwar, Aaron S. G. Robotham, Luca Cortese, Kevin Vinsen","We present SM-Net, a machine-learning model that learns a continuous spectral manifold from multiple high-resolution stellar libraries. SM-Net generates stellar spectra directly from the fundamental stellar parameters effective temperature (Teff), surface gravity (log g), and metallicity (log Z). It is trained on a combined grid derived from the PHOENIX-Husser, C3K-Conroy, OB-PoWR, and TMAP-Werner libraries. By combining their parameter spaces, we construct a composite dataset that spans a broader and more continuous region of stellar parameter space than any individual library. The unified grid covers Teff = 2,000-190,000 K, log g = -1 to 9, and log Z = -4 to 1, with spectra spanning 3,000-100,000 Angstrom. Within this domain, SM-Net provides smooth interpolation across heterogeneous library boundaries. Outside the sampled region, it can produce numerically smooth exploratory predictions, although these extrapolations are not directly validated against reference models. Zero or masked flux values are treated as unknowns rather than physical zeros, allowing the network to infer missing regions using correlations learned from neighbouring grid points. Across 3,538 training and 11,530 test spectra, SM-Net achieves mean squared errors of 1.47 x 10^-5 on the training set and 2.34 x 10^-5 on the test set in the transformed log1p-scaled flux representation. Inference throughput exceeds 14,000 spectra per second on a single GPU. We also release the model together with an interactive web dashboard for real-time spectral generation and visualisation. SM-Net provides a fast, robust, and flexible data-driven complement to traditional stellar population synthesis libraries.",astro-ph.IM,astro-ph.IM,2026-03-25T03:40:38Z,2026-03-27T02:03:50Z,http://arxiv.org/abs/2603.23899v2,2026,distribution_functions,True
astrobench_77bae5d126,341,A transdimensional sampling framework for pulsar timing noise modelling,"Valentina Di Marco, Nir Guttman, Matthew T. Miles, Andrew Zic, Ryan M. Shannon, Eric Thrane","A careful characterisation of the noise processes in pulsar timing data is a prerequisite for pulsar timing array experiments. While single-pulsar noise analyses are crucial for both gravitational-wave searches and astrophysical studies, they are often computationally intensive and rely on running and comparing multiple fixed noise models. We present tPTABilby, a transdimensional Bayesian inference framework for single-pulsar noise analysis built on the Bilby library. The method flexibly models a wide range of noise processes like radiometer noise, pulse-phase jitter, intrinsic red noise, dispersion measure variations, and chromatic interstellar medium effects. By employing transdimensional sampling, tPTABilby simultaneously infers the number and type of active noise sources, providing a unified treatment of model selection and parameter estimation. We validate the methodology through simulations with known injected noise models, demonstrating accurate recovery of model probabilities and calibrated posterior distributions. We then apply this approach to a single pulsar, PSR J1713+0747, from a MeerKAT Pulsar Timing Array (MPTA) dataset, analysing the data with both tPTABilby and Enterprise, and subsequently compare the results with existing MPTA analyses through posterior predictive checks of the inferred noise spectra. Our results highlight the flexibility of transdimensional approaches to single-pulsar noise analysis, demonstrating consistency with standard fixed-model methods while providing a more statistically robust framework, and present tPTABilby as a simple and reproducible approach for PTA inference.",astro-ph.IM,astro-ph.IM,2026-03-25T00:59:18Z,2026-03-25T00:59:18Z,http://arxiv.org/abs/2603.23817v1,2026,distribution_functions,True
astrobench_fdc3cc4d1d,345,Thermally inflated accretors in post-mass transfer binaries: Abell 35 and its class revisited,"Soumyadeep Bhattacharjee, Kareem El-Badry, Jim Fuller, Cheyanne Shariat, Natsuko Yamaguchi","A small but growing class of binaries containing hot ($T_{\rm eff}\sim10^5\rm~K$) white dwarfs (WDs) and rapidly rotating, apparently subgiant companions -- including the prototype, Abell 35 -- show companions that are too large and luminous to be ordinary main-sequence stars yet too numerous to be explained as finely tuned near-twin binaries. We argue that these stars are instead main-sequence accretors temporarily inflated out of thermal equilibrium by recent mass transfer. For the subgiant of Abell 35, a new Gaia DR3 astrometric orbit ($P_{\rm orb} = 790$ d) combined with updated photometric and spectroscopic constraints yield $T_{\rm eff} \approx 4900~\rm K$, $R \approx 3~R_{\odot}$, near-solar metallicity, and rapid rotation aligned with the orbit ($v_{\rm rot} \approx 195~\rm km~s^{-1}$), indicating substantial recent accretion and spin-up. Dynamical mass limits disfavor a coeval twin-binary origin, supporting the inflated-accretor interpretation. We test this scenario using self-consistent MESA binary evolution calculations with a new accretion prescription in which accreted material retains a fraction of its infall energy. The accretor expands to giant-like radii when $\dot{M}$ is high yet remains within its Roche lobe, allowing stable mass transfer even for mass ratios traditionally considered unstable. After mass transfer ceases, the star contracts on Myr timescales through a bloated, rapidly rotating phase whose temperatures, radii, and spins match those observed in Abell 35-type systems. This framework explains the population without fine tuning and unifies Abell 35-type binaries with post-AGB binaries, blue lurkers, and wide WD$+$main-sequence systems as successive stages of the same post-mass-transfer evolutionary pathway.",astro-ph.SR,astro-ph.SR,2026-03-24T22:28:44Z,2026-03-24T22:28:44Z,http://arxiv.org/abs/2603.23756v1,2026,distribution_functions,True
astrobench_f39a1ece76,350,"Brightest Cluster Galaxy ellipticity as proxy for halo shape: Orientation bias, assembly bias, and potential selection effects in SZ-selected clusters","Radhakrishnan Srinivasan, Tae-hyeon Shin, Anja von der Linden, Ricardo Herbonnet, Matthias Klein, Tamas N. Varga, Antonio Frigo, Lindsey E. Bleem, Hao-Yi Wu, Zhuowen Zhang, Benjamin Levine, Alex Alarcon, Alexandra Amon, Matthew B. Bayliss, Keith Bechtol, Matthew Becker, Gary Bernstein, Sebastian Bocquet, Andresa Campos, Aurelio Carnero Rosell, Matias Carrasco Kind, Chihway Chang, Rebecca Chen, Ami Choi, Juan De Vicente, Joseph DeRose, Scott Dodelson, Cyrille Doux, Alex Drlica-Wagner, Jack Elvin-Poole, Spencer Everett, Agnès Ferté, Marco Gatti, Raven Gassis, Michael D. Gladders, Sebastian Grandis, Daniel Gruen, Robert Gruendl, Ian Harrison, Mike Jarvis, Niall MacCrann, Jamie McCullough, Michael A. McDonald, Justin Myles, Andres Navarro Alsina, Shivam Pandey, Judit Prat, Marco Raveri, Christian L. Reichardt, Richard Rollins, Eli Rykoff, Carles Sanchez, Arnab Sarkar, Lucas F. Secco, Ignacio Sevilla, Erin Sheldon, Taweewat Somboonpanyakul, Brian Stalder, Anthony A. Stark, Michael A. Troxel, Isaac Tutusaus, Brian Yanny, Boyan Yin, Michel Aguena, Sahar Allam, Felipe Andrade-Oliveira, David Bacon, Jonathan Blazek, David Brooks, David Burke, Ryan Camilleri, Jorge Carretero, Matteo Costanzi, Luiz da Costa, Maria Elidaiana da Silva Pereira, Shantanu Desai, H. Thomas Diehl, Juan Garcia-Bellido, Gaston Gutierrez, Samuel Hinton, Devon L. Hollowood, Sujeong Lee, Jennifer Marshall, Juan Mena-Fernández, Felipe Menanteau, Ramon Miquel, Andrés Plazas Malagón, Ricardo Ogando, Kathy Romer, Aaron Roodman, Eusebio Sanchez, David Sanchez Cid, Eric Suchyta, Molly Swanson, Noah Weaverdyck, Jochen Weller","The orientation of triaxial galaxy clusters with respect to the line-of-sight is expected to be one of the prime sources of scatter and potential bias in optical observables (e.g., richness and weak-lensing signal) of galaxy clusters. In this work, we use the observed shape of the central Brightest Cluster Galaxy (BCG) as proxy for the orientation along the line-of-sight for clusters selected via the Sunyaev-Zel'dovich (SZ) effect from the South Pole Telescope (SPT) and Atacama Cosmology Telescope (ACT) surveys, matched to optically selected clusters from the Dark Energy Survey Year 3 (DES). We construct two samples of clusters that are designed to be identical in SZ mass estimate and redshift but with the roundest vs. the most elliptical BCGs, which we expect to correspond to BCGs (and clusters) with major axes aligned along the line-of-sight vs. in the plane of the sky, respectively. We find that the optical richness of round-BCG clusters is $\sim 10$\% larger than that of elliptical-BCG clusters, in agreement with the expectation from projection effects and presenting the first such detection in data. The density profiles, however, are not in agreement with the expectation from projection effects: the 1-halo term (below $6~h^{-1}\rm{Mpc}$) of both the weak-lensing and galaxy density profiles are the same for the subsamples, contrary to previous studies based on X-ray selected clusters. In the 2-halo regime (above $6~h^{-1}\rm{Mpc}$), we find a significant excess of the elliptical-BCG cluster profiles compared to the round-BCG cluster profiles, which is the opposite of the expectation from numerical simulations. We hypothesize that the intrinsic shape of the BCG reflects not just the orientation angle, but also intrinsic properties of the cluster which can affect both the SZ signal and the amplitude of the 2-halo term.",astro-ph.CO,astro-ph.CO,2026-03-24T19:54:42Z,2026-03-24T19:54:42Z,http://arxiv.org/abs/2603.23689v1,2026,distribution_functions,True
astrobench_aa4f4c72ec,368,Solving the Cosmic Coincidence Problem: The Locally Pumped Dark Energy Model,"Carlo R. Contaldi, Mauro Pieroni","We propose the Locally Pumped Dark Energy (LPDE) mechanism in which cosmic acceleration is triggered by the emergence of non-linear dark matter structure. In an effective-field-theory description, coarse-graining over the density contrast profile, whose short-wavelength modes grow during halo formation, induces a shift in the local equilibrium point of a second, sufficiently heavy scalar field $χ$. At early times, the pump mechanism is negligible and $χ$ remains fixed at the origin, contributing no DE. As structures form, the equilibrium value of $χ$ is locally displaced within halos, generating a vacuum energy whose global contribution, in a mean-field picture, is controlled by the halo volume filling factor. If the $χ$ field is sufficiently heavy, with a Compton wavelength limited by halo scales, its response is localised, and spatial gradients are exponentially suppressed on large scales. After volume-averaging over the halo population, the resulting contribution on large scales behaves as a homogeneous DE component. Using the halo mass function of a fiducial $Λ$CDM cosmology, we show that vacuum-energy domination generically emerges at $z\sim\mathcal{O}(1)$, naturally correlating cosmic acceleration with structure formation. For reference, we present an explicit realisation of such a mechanism and show that, by naturally featuring a transient acceleration epoch, it can be in excellent agreement with the most recent cosmological data, including the Dark Energy Spectroscopic Instrument (DESI).",astro-ph.CO,astro-ph.CO,2026-03-24T17:39:30Z,2026-03-24T17:39:30Z,http://arxiv.org/abs/2603.23473v1,2026,distribution_functions,True
astrobench_7aa3a655d9,6,Constraining Lyman-Werner Feedback from Velocity Acoustic Oscillations in the Cosmic Dawn 21 cm Signal,"Xi Du, Bin Yue, Furen Deng, Yidong Xu, Yan Gong, Ely D. Kovetz, Xuelei Chen","During Cosmic Dawn, Pop III stars could be formed in minihalos through molecular hydrogen (H$_2$) cooling. The minimum halo mass required for H$_2$ cooling is highly sensitive to Lyman-Werner (LW) radiation, which dissociates H$_2$ and regulates star formation. However, the efficiency of LW feedback remains poorly constrained due to the lack of direct observations of Pop III stars. The dark matter-baryon relative streaming velocity suppresses star formation in low-mass halos and imprints characteristic Velocity Acoustic Oscillation (VAO) features in the 21 cm power spectrum. These features are particularly sensitive to the cooling threshold mass: if LW feedback raises the minimum halo mass above the streaming-sensitive regime, the VAO signal is strongly suppressed. This makes the VAO wiggles a promising indirect probe of LW feedback during Cosmic Dawn. We investigate the feasibility of constraining LW feedback parameters using semi-numerical 21 cm lightcone simulations. We compute the multi-frequency angular power spectrum (MAPS) to isolate the VAO features and train a Convolutional Neural Network (CNN) to infer the LW feedback efficiency and the baseline cooling threshold. We find that in the absence of instrumental noise, the LW feedback efficiency can be accurately recovered from the VAO features. However, for the SKA-low AA* configuration, meaningful constraints require integration times exceeding $10^4$ hours under optimistic foreground assumptions. Nonetheless, our results demonstrate that VAO features provide a physically robust and potentially powerful probe of LW feedback at Cosmic Dawn.",astro-ph.CO,astro-ph.CO,2026-03-31T16:17:25Z,2026-03-31T16:17:25Z,http://arxiv.org/abs/2603.29947v1,2026,action_angle_methods,True
astrobench_0b92b2a07e,15,Early intrafamily collisions in newly formed asteroid families,"Roberto Balossi, Paolo Tanga, Aldo Dell'Oro","The dynamical and physical properties of asteroid family members are widely used to reconstruct the collisional evolution of the main belt and of individual objects. Families offer insights into the properties of the parent bodies and the fragmentation processes responsible for their formation. We investigate a poorly constrained phase of early collisional evolution among members of the same family. Our goal is to determine an intrinsic collision probability associated with intrafamily collisions and to assess their relevance compared to collisions with the background asteroid population. We performed numerical simulations of the early dynamical evolution of families, up to the randomization age of the true anomalies, recording mutual impacts between family members and converting them into an intrinsic collision probability. This probability was used to study intrafamily collisions for generic size distributions. We identified an intense phase of low-velocity intrafamily collisions occurring in the first few years after family formation. The collision probability can reach values up to $10^{-10}$ yr$^{-1}$km$^{-2}$ shortly after breakup and then decreases exponentially, following the same temporal trend predicted by previous statistical models. Variations among the orbital elements of the parent body and the properties of the ejection velocity field can change the collision probability by up to one or two orders of magnitude, without affecting its temporal evolution. Depending on the assumed size distribution, the number of impacts on the largest remnant ranges from fewer than ten to several million. Intrafamily collisions represent a physical mechanism whose importance must be assessed on a case-by-case basis. Although they are not expected to produce further fragmentation, they might contribute to early surface and structural evolution in some cases, while being negligible in others.",astro-ph.EP,astro-ph.EP,2026-03-31T14:34:35Z,2026-03-31T14:34:35Z,http://arxiv.org/abs/2603.29806v1,2026,action_angle_methods,True
astrobench_4ab087d14c,41,Spectroscopic orbits for three SB2s and one hierarchical triple using SALT data,"Mikhail Kovalev, Alexey Kniazev, Oleg Malkov","We confirmed four spectroscopic binary candidates using new observations obtained with SALT. Three SB2 systems (HD 20784, HD 43519A, HD 62153A) exhibit circular orbits with periods shorter than 10 days, whereas one hierarchical triple system (HD 56024) contains a close binary with an inner eccentric orbit with a period of approximately 14 days, composed of nearly identical stellar components, and a rapidly rotating star on an outer eccentric orbit with a period of approximately 400 days. For two additional SB2 candidates (HD 198174 and HD 208433), our new observations do not allow us to derive reliable orbital solutions.",astro-ph.SR,astro-ph.SR,2026-03-31T05:17:28Z,2026-03-31T05:17:28Z,http://arxiv.org/abs/2603.29274v1,2026,action_angle_methods,True
astrobench_2dc9dfa095,54,Eccentricity constraints disfavor single-single capture in nuclear star clusters as the origin of all LIGO-Virgo-KAGRA binary black holes,"Nihar Gupte, M. Coleman Miller, Rhiannon Udall, Sophie Bini, Alessandra Buonanno, Jonathan Gair, Aldo Gamboa, Lorenzo Pompili, Antoni Ramos-Buades, Maximilian Dax, Stephen R. Green, Annalena Kofler, Jakob Macke, Bernhard Schölkopf","Multiple formation pathways have been proposed for the origin of binary black holes (BBHs). These include isolated binary evolution and dynamical assembly in dense stellar environments such as nuclear or globular star clusters. Yet, the fraction of BBHs originating from each channel still remains uncertain. One way to constrain this fraction is by investigating the distribution of the orbital eccentricities of the BH coalescences detected by the LIGO-Virgo-KAGRA (LVK) Collaboration. In this work, we analyze 85 BBHs from the first part of the fourth LVK observing run (O4a) using a multipolar, eccentric, aligned-spin effective-one-body waveform model. We perform parameter inference with neural posterior estimation and nested sampling. After incorporating astrophysical prior odds and comparing to the quasicircular precessing-spin hypothesis, we find that no candidates reach a high enough statistical significance to claim a confident detection of eccentricity. We use these upper limits to explore a particular model, in which all O4a BBHs originate from single-single gravitational wave (GW) captures. We perform hierarchical inference on the velocity dispersion of the host environment and find $σ< 24.3\,\mathrm{km/s}$ (95% credible upper bound). This disfavors single-single capture in nuclear star clusters (~20-200 km/s) as the dominant source of all observed BBH mergers. We verify that this dispersion bound does not increase by repeating the inference on a synthetic catalog augmented with eccentric events motivated by analyses of the third observing run of the LVK (O3). Our results place improved constraints on the number of eccentric BBHs and highlight the importance of eccentricity measurements in disentangling compact-binary formation channels in current and future GW detectors.",astro-ph.HE,astro-ph.HE,2026-03-30T21:25:16Z,2026-03-30T21:25:16Z,http://arxiv.org/abs/2603.29019v1,2026,action_angle_methods,True
astrobench_896e277f9b,57,On The Detection of Digiorno-like Objects in the Flavor Zone,"Logan A. Pearce, Sue D'Oh Nym","Aims: This work proposes a new SETI search methodology under the assumption that a sufficiently advanced civilization could skip the middle man of converting starlight to energy to food preparation, and could directly harness their star's energy for food prep. Methods: We define the concept of the Flavor Zone (FZ): the optimal distance from a star for cooking food. To develop this definition we propose the toy model of a Digiorno-Like Object (DLO) and define the FZ as the regime for optimal cooking according to package directions. We examine the effect of orbit on DLO cooking times and paradigms. Finally, we study the feasibility of detection of DLOs in their FZs with current technology. Results: We determined that DLOs aren't detectable with current technology nor should anyone ever try.",astro-ph.EP,astro-ph.EP,2026-03-30T20:22:56Z,2026-03-30T20:22:56Z,http://arxiv.org/abs/2603.28977v1,2026,action_angle_methods,True
astrobench_8e0b1516ef,58,Reducing the Virgo site infrastructure noise in preparation of the O4 observing run,"Irene Fiori, Federico Paoletti, Roberto Passaquieti, Maria Concetta Tringali, Lorenzo Pierini, Francesca Bucci, Massimo Lenti, Alessandro Longo","The heating, ventilation and air conditioning systems serving the experimental halls of the Virgo gravitational wave interferometer generate low-frequency noise - namely below 100 Hz - of seismic, acoustic, and electromagnetic origin. Such disturbances have repeatedly affected the interferometer sensitivity throughout its operational history, with particularly notable impacts during the third observing run. In preparation for the fourth run, a comprehensive investigation was carried out to identify the most critical noise sources within this infrastructure and to trace their transmission paths into the experimental areas. This manuscript presents the methodology and results of the noise characterization campaign, together with the design, implementation and assessment of targeted mitigation measures. The technical solutions adopted, along with the operational best practices developed, provide valuable guidance for the design of low-noise environments in future gravitational-wave observatories.",astro-ph.IM,astro-ph.IM,2026-03-30T20:05:35Z,2026-03-30T20:05:35Z,http://arxiv.org/abs/2603.28960v1,2026,action_angle_methods,True
astrobench_20f06ad4c1,92,Search for TeV emission from spider millisecond pulsars with HAWC,"R. Alfaro, E. Anita-Rangel, M. Araya, J. C. Arteaga-Velázquez, D. Avila Rojas, H. A. Ayala Solares, R. Babu, P. Bangale, E. Belmont-Moreno, A. Bernal, F. Calore, T. Capistrán, A. Carramiñana, S. Casanova, A. L. Colmenero-Cesar, U. Cotti, J. Cotzomi, S. Coutiño de León, E. De la Fuente, P. Desiati, N. Di Lalla, R. Diaz Hernandez, M. A. DuVernois, J. C. Díaz-Vélez, K. Engel, T. Ergin, C. Espinoza, K. Fang, N. Fraija, S. Fraija, J. A. García-González, F. Garfias, A. Galván-Gámez, N. Ghosh, A. Gonzalez Muñoz, M. M. González, J. A. González, J. A. Goodman, S. Groetsch, D. Guevel, J. Gyeong, J. P. Harding, S. Hernández-Cadena, I. Herzog, D. Huang, F. Hueyotl-Zahuantitla, P. Hüntemeyer, A. Iriarte, S. Kaufmann, D. Kieda, K. Leavitt, W. H. Lee, H. León Vargas, A. L. Longinotti, G. Luis-Raya, K. Malone, S. Manconi, O. Martinez, J. Martínez-Castro, J. A. Matthews, P. Miranda-Romagnoli, J. A. Morales-Soto, M. Mostafá, M. Najafi, L. Nellen, R. Noriega-Papaqui, N. Omodei, M. Osorio-Archila, E. Ponce, Y. Pérez Araujo, C. D. Rho, A. Rodriguez Parra, D. Rosa-González, M. Roth, H. Salazar, A. Sandoval, M. Schneider, J. Serna-Franco, M. Shin, Y. Son, R. W. Springer, O. Tibolla, K. Tollefson, I. Torres, F. Ureña-Mena, E. Varela, X. Wang, Z. Wang, H. Wu, S. Yu, X. Zhang, H. Zhou, C. de León","Millisecond pulsars (MSPs) are observed to emit multi-wavelength radiation, from radio to GeV. Spider MSPs, which interact with their low-mass companion in close orbit (orbital periods $< 1$ day), may lead to strong intrabinary shocks that can further accelerate electron and positron pairs produced in the magnetosphere, possibly emitting very-high-energy (0.1--100 TeV; VHE) photons through inverse Compton scattering. Using 2565 days of HAWC Pass 5 data, we search for VHE emission from spider MSPs and present upper limits on individual sources. We also perform a stacking analysis to examine whether the two sets of spider systems, classified as redbacks and black widows depending on the companion mass, exhibit different spectral properties. Our study places constraints on TeV emission from MSPs and suggests that they are unlikely to contribute significantly to the Galactic diffuse emission at TeV and higher energies.",astro-ph.HE,astro-ph.HE,2026-03-30T14:53:58Z,2026-03-30T14:53:58Z,http://arxiv.org/abs/2603.28528v1,2026,action_angle_methods,True
astrobench_71ae09d438,97,A break in planet occurrence near the pebble isolation mass should be observable by the Roman microlensing survey,"Claudia Danti, Michiel Lambrechts, Hannah Diamond-Lowe","Microlensing detections are uniquely well-suited to probing the population of planets outside the water iceline, down to planetary masses comparable to the Earth. Here, we perform 1D pebble-accretion population synthesis simulations to explore a sample of iceline planets around stars with masses and metallicities similar to the target population of the Galactic Bulge Time-domain microlensing survey of the Nancy Grace Roman Space Telescope. We find that the planet distribution in the microlensing sensitivity space deviates from a log-uniform distribution in mass and orbital radius. When planetary core growth comes to a halt as planets reach the pebble isolation mass, $M_{\mathrm{iso}}$, the combined effects of planetary migration and runaway gas accretion create an occurrence break. Our simulations highlight that, between 1 and 50 AU, the fraction of stars hosting isolation-mass planets (1 to 5 $M_{\mathrm{iso}}$) is lower by a factor 20 compared to less massive planets (0.2 to 1 $M_{\mathrm{iso}}$). If this break in planetary occurrence rates around the pebble isolation mass is detected in future lensing surveys, it would further validate the core accretion paradigm for giant planet formation.",astro-ph.EP,astro-ph.EP,2026-03-30T13:10:55Z,2026-03-30T13:10:55Z,http://arxiv.org/abs/2603.28400v1,2026,action_angle_methods,True
astrobench_c483e6054d,98,Mercury Craters Named after Tajik-Persian Poets: Planetary Nomenclature as a Form of Preserving Cultural Heritage,Rizoi Bakhromzod,"Nine impact craters on Mercury bear the names of Persian-Tajik poets: Rudaki, Saadi, Nizami, Rumi, Navoi, Firdousi, Hafiz, Sanai, and Mahsati. We compile IAU-approved coordinates, diameters, quadrant designations, approval dates (1976--2025), and MESSENGER-derived geological characteristics for each crater, and place these data in the broader context of Solar System objects associated with Tajik-Persian civilisation, including lunar craters (Al-Biruni, Avicenna, Omar Khayyam, Abul Wafa, Nasireddin, Alfraganus, Azophi, Al-Khwarizmi), main-belt asteroids, and Enceladus surface features named from the One Thousand and One Nights. The approval timeline mirrors the successive stages of Mercury mapping: two craters were designated after Mariner 10 (1976), three more following Mariner 10 data analysis (1979, 1985), two after the first MESSENGER flybys (2008, 2010), two after MESSENGER orbital operations (2014), and one in 2025. Geological diversity is notable: the Sanai basin (490 km, ~3.8--3.9 Ga) is among the oldest large structures on Mercury; Firdousi shows lava-flooded floor morphology; Rumi hosts an explosive pyroclastic vent intersected by Palmer Rupes; Hafiz contains low-reflectance material and hollows; Navoi is a pit-floor crater; and Nizami exhibits polygonal wall geometry. These results illustrate how planetary nomenclature serves as a stable, internationally maintained record of cultural heritage.",astro-ph.IM,astro-ph.IM,2026-03-30T13:07:59Z,2026-03-30T13:07:59Z,http://arxiv.org/abs/2603.28837v1,2026,action_angle_methods,True
astrobench_7cecc39f1f,103,Mass determination of the ultra-short-period planet LHS 3844 b. First K-band radial velocity measurements with CRIRES+,"E. Nagel, J. Köhler, M. Zechmeister, A. D. Rains, U. Seemann, A. Hatzes, A. Reiners, N. Piskunov, L. Boldt-Christmas, P. Bristow, P. Chaturvedi, D. Cont, S. Czesla, R. J. Dorn, E. Guenther, Y. Jung, O. Kochukhov, F. Lesjak, F. Lucertini, T. Marquart, L. Nortmann, M. Rengel, F. Rodler, J. V. Smoker","We present the first planet mass measurement obtained with CRIRES+ radial velocity (RV) observations using the K-band gas cell. Our target, LHS 3844 b (TOI-136), is a transiting super-Earth with radius $R_b=1.286^{+0.043}_{-0.044}R_\oplus$ and an orbital period of $P_b = 0.462929709^{+0.000000044}_{-0.000000042}$d, placing it in the class of ultra-short-period (USP) planets. The host star LHS 3844 is an old ($7.8\pm1.6$Gyr), slowly rotating ($P_{rot} = 130.0^{+16.9}_{-13.4}$d) M5.0 dwarf with $M_\star = 0.151\pm0.014M_\odot$ at a distance of 15pc (V=15.2mag, K=9.2mag). Combining our CRIRES+ RVs with archival ESPRESSO spectra, and confirming the signal in each dataset independently, we detected periodic RV variations with a semi-amplitude $K_b=6.95^{+0.55}_{-0.60}$m/s, implying a planetary mass of $m_b = 2.37\pm0.25M_\oplus$ and a bulk density of $ρ_b = 6.15^{+0.60}_{-0.61}$gcm$^{-3}$, consistent with a predominantly rocky composition. We further found excess RV variability that may be attributed to stellar jitter or to an additional planetary signal, for which we identified a tentative super-Earth candidate with a period of $\approx6.88$d. Owing to its proximity to its M-dwarf host, LHS 3844 b experiences intense irradiation and is unlikely to retain a substantial H/He envelope. Interior modeling places an upper limit on the iron-core mass fraction, which is consistent with an Earth-like rocky composition. With an emission spectroscopy metric of 28, LHS 3844 b is a prime JWST target for atmospheric and surface characterization and the most promising surface-characterization target known. Phase-curve spectroscopy may reveal its surface mineralogy and enable the first robust detection of exoplanet surface spectral features. Our results demonstrate that near-infrared RVs obtained with CRIRES+ enable robust mass measurements of super-Earths orbiting late M dwarfs.",astro-ph.EP,astro-ph.EP,2026-03-30T09:58:57Z,2026-03-30T09:58:57Z,http://arxiv.org/abs/2603.28238v1,2026,action_angle_methods,True
astrobench_2e4e6e49b6,104,Weighing the mass of LHS 3844 b,"Alejandro Hacker, Nicola Astudillo-Defru, Rodrigo F. Díaz, Caroline Dorn, Xavier Bonfils, José M. Almenara, Pía Cortés-Zuleta, Xavier Delfosse, Thierry Forveille, Stephane Udry","Context: LHS 3844 b (TOI-136 b) is a ultra short-period, Earth-size exoplanet detected by TESS. It is one of the most favourable object for atmospheric characterisation and the study of its surface with the James Webb Space Telescope. However, the dynamical mass of this planet has not been measured yet. Aims: We aim to determine the mass of LHS 3844 b using high-precision radial velocity (RV) measurements and assess the robustness of the inferred signal across different noise and orbital modelling assumptions. Methods: We analyse 25 ESPRESSO RV observations within a fully Bayesian framework. We explore 15 competing RV models that differ in their treatment of correlated stellar variability (through different Gaussian Process kernels) and long-term drifts. Marginal likelihoods are computed for all models and used for Bayesian model comparison and evidence-weighted parameter estimation. Results: The RV planetary signal is robustly detected across all models, and the inferred semi-amplitude remains stable under all tested noise and drift prescriptions. From the evidence-weighted posterior samples we derive a planetary mass of $2.27 \pm 0.23$ M$_\oplus$ and a bulk density of $5.67 \pm 0.65$ gcm$^{-3}$, consistent with a predominantly rocky composition. Model comparison favours GP kernels including periodic or quasi-periodic components associated with stellar rotation and disfavors models with additional long-term drifts. Using interior-structure inference, we find that the core mass fraction is comparable to (or slightly smaller than) Earth's and only trace amounts of water are permitted, supporting a dry, terrestrial interior. We also investigate a tentative additional signal near $\sim 6.9$ days, but Bayesian model comparison does not provide conclusive support for its planetary interpretation.",astro-ph.EP,astro-ph.EP,2026-03-30T09:58:06Z,2026-03-30T09:58:06Z,http://arxiv.org/abs/2603.28237v1,2026,action_angle_methods,True
astrobench_b8f791c8d2,107,Statistics of transition-region loop brightenings and their heating implication,"Xiuhui Zuo, Zhenghua Huang, Maria S. Madjarska, Hui Fu, Hengyuan Wei, Xinzheng Shi, Lidong Xia","Transition-region loops are a type of critical magnetic structure in the solar atmosphere, yet their physical properties and evolutionary characteristics remain statistically poorly constrained. We aim to statistically characterize the physical properties of propagating brightening events in transition-region loops and to explore the underlying heating mechanism responsible for these brightenings.Using coordinated observations from the Extreme Ultraviolet Imager onboard the Solar Orbiter and the Atmospheric Imaging Assembly (AIA) onboard the Solar Dynamics Observatory, we analyze 42 propagating brightening events in loops that are unambiguously detected in both instrument data. Each of these events evolve simultaneously in the AIA 94, 131, 171, 193, 211, 304, and 335 passband images, suggesting that they are in the transition-region or low-coronal temperature range. Our analyses show that these brightenings are impulsive, with an average brightening time of 118.4 s and a mean intensity decreasing time of 159.4 s. The propagating brightenings are predominantly subsonic, with velocities in the range of 0-90 km/s and an average of 51.3 km/s. The lengths of brightenings range from 3 to 11 Mm, with an average and standard deviation of 6.3 Mm, which are closely related to the propagation velocity and the lifetime. The initial brightening sites are predominantly located near the footpoints of these loops, and the number of brightening events decreases systematically with increasing of loop height. Our results are consistent with an energizing mechanism regulated by enthalpy flows and radiative cooling.",astro-ph.SR,astro-ph.SR,2026-03-30T09:24:18Z,2026-03-30T09:24:18Z,http://arxiv.org/abs/2603.28207v1,2026,action_angle_methods,True
