paper_id,chunk_id,chunk_index,chunk_text,section_title,section_path,page_start,page_end,char_start,char_end,title,authors,category,published,url,arxiv_id,topic_cluster,token_count,word_count,contains_citation_marker,contains_equation_like_text,source_word_start,source_word_end
astrobench_cc18f51e25,astrobench_cc18f51e25_chunk_000,0,"Laplace-Legendre expansion of the planar planetary Hamiltonian. We explore a hybrid expansion of the disturbing function in planetary dynamics that combines elements of the classical Laplace and Legendre developments. This formulation retains the structure of the Laplace expansion, but expresses the inverse of the mutual distance as a series whose terms keep an exact dependence on both the eccentricity and the semi-major axis ratio. We use it to construct the first-order secular Hamiltonian of the planar 3-body problem, relevant for modeling the long-term evolution of planetary systems. We assess the convergence of the new expansion numerically and compare it with that of the Laplace and Legendre series across a range of orbital configurations. The results show that the new expansion",title_abstract,title_abstract,,,,,Laplace-Legendre expansion of the planar planetary Hamiltonian,"Aya Alnajjarine, Jacques Laskar, Federico Mogavero",astro-ph.EP,2026-03-17T13:51:12Z,http://arxiv.org/abs/2603.16528v1,2603.16528,action_angle_methods,156,120,False,False,0,120
astrobench_cc18f51e25,astrobench_cc18f51e25_chunk_001,1,"convergence of the new expansion numerically and compare it with that of the Laplace and Legendre series across a range of orbital configurations. The results show that the new expansion provides consistent performance across diverse dynamical regimes, bridging the domains of applicability of the two classical approaches.",title_abstract,title_abstract,,,,,Laplace-Legendre expansion of the planar planetary Hamiltonian,"Aya Alnajjarine, Jacques Laskar, Federico Mogavero",astro-ph.EP,2026-03-17T13:51:12Z,http://arxiv.org/abs/2603.16528v1,2603.16528,action_angle_methods,62,47,False,False,90,137
astrobench_25d49d337f,astrobench_25d49d337f_chunk_000,0,"Democratic heliocentric coordinates underestimate the rate of instabilities in long-term integrations of the Solar System. Wisdom-Holman (WH) integrators are symplectic operator-splitting methods widely used for long-term N-body simulations of planetary systems. Most implementations use either Jacobi coordinates or democratic heliocentric coordinates (DHC) for the Hamiltonian splitting, resulting in slightly different algorithms. In this paper we report results from numerical experiments, which show that integrations of the Solar System using DHC coordinates with typical timesteps of a few days suppress instabilities of the planet Mercury. We further show that this is due to an eccentricity dependent artificial numerical precession introduced by the DHC splitting. While the DHC splitting converges to the correct results at shorter timesteps of ~0.6 days, we argue",title_abstract,title_abstract,,,,,Democratic heliocentric coordinates underestimate the rate of instabilities in long-term integrations of the Solar System,"Hanno Rein, Kavi Dey, Daniel Tamayo",astro-ph.EP,2026-01-12T21:51:55Z,http://arxiv.org/abs/2601.08019v1,2601.08019,action_angle_methods,156,120,False,False,0,120
astrobench_25d49d337f,astrobench_25d49d337f_chunk_001,1,"due to an eccentricity dependent artificial numerical precession introduced by the DHC splitting. While the DHC splitting converges to the correct results at shorter timesteps of ~0.6 days, we argue that Jacobi coordinates remain reliable to significantly longer timesteps when orbits become moderately eccentric, and are thus a better choice when the innermost planet can reach high eccentricities.",title_abstract,title_abstract,,,,,Democratic heliocentric coordinates underestimate the rate of instabilities in long-term integrations of the Solar System,"Hanno Rein, Kavi Dey, Daniel Tamayo",astro-ph.EP,2026-01-12T21:51:55Z,http://arxiv.org/abs/2601.08019v1,2601.08019,action_angle_methods,76,58,False,False,90,148
astrobench_a36c60393b,astrobench_a36c60393b_chunk_000,0,"Exploring the formation mechanisms of tidal structures in globular clusters of extragalactic origin. Tidal structures around globular clusters provide valuable insights into cluster evolution and the hierarchical assembly of the Milky Way. Using wide-field imaging data from the DESI Legacy Survey combined with a color-magnitude matched-filter technique, we perform a systematic analysis of extra-tidal features in 28 Galactic globular clusters of likely extragalactic origin, representing the largest homogeneous sample examined in this context to date. The clusters display diverse morphologies: 12 exhibit tidal tails, 9 show diffuse envelopes, and 7 reveal no clear extra-tidal features. Notably, we report the first detection of an extended tidal structure around the Sagittarius-associated cluster Terzan 7. To explore the underlying drivers, we compare intrinsic",title_abstract,title_abstract,,,,,Exploring the formation mechanisms of tidal structures in globular clusters of extragalactic origin,"Shouzhi Wang, Jundan Nie, Biwei Jiang, Hao Tian, Chao Liu, Ying-Hua Zhang",astro-ph.GA,2026-01-03T08:11:20Z,http://arxiv.org/abs/2601.01110v2,2601.01110,action_angle_methods,156,120,False,False,0,120
astrobench_a36c60393b,astrobench_a36c60393b_chunk_001,1,"reveal no clear extra-tidal features. Notably, we report the first detection of an extended tidal structure around the Sagittarius-associated cluster Terzan 7. To explore the underlying drivers, we compare intrinsic properties, orbital dynamics, and possible accretion associations across morphological groups. From the parameter distributions, complemented by Kolmogorov-Smirnov tests, we find that total mass, escape velocity, concentration, tidal filling factor, pericentric radius, eccentricity and radial angle in action-angle coordinates are all likely group-sensitive parameters. These results suggest that both internal cluster properties and orbital configurations play important roles in shaping extra-tidal morphologies. In addition, the cluster's accretion history shows no clear correlation with the presence of tidal features, indicating that it is not a direct driver of outer structure formation. Overall,",title_abstract,title_abstract,,,,,Exploring the formation mechanisms of tidal structures in globular clusters of extragalactic origin,"Shouzhi Wang, Jundan Nie, Biwei Jiang, Hao Tian, Chao Liu, Ying-Hua Zhang",astro-ph.GA,2026-01-03T08:11:20Z,http://arxiv.org/abs/2601.01110v2,2601.01110,action_angle_methods,156,120,False,False,90,210
astrobench_a36c60393b,astrobench_a36c60393b_chunk_002,2,"morphologies. In addition, the cluster's accretion history shows no clear correlation with the presence of tidal features, indicating that it is not a direct driver of outer structure formation. Overall, the diversity of tidal structures is unlikely to be governed by a single factor, but instead reflects the interplay between internal dynamical evolution and the external Galactic environment. This study provides the most comprehensive constraints so far on the physical processes driving extra-tidal structures in accreted globular clusters.",title_abstract,title_abstract,,,,,Exploring the formation mechanisms of tidal structures in globular clusters of extragalactic origin,"Shouzhi Wang, Jundan Nie, Biwei Jiang, Hao Tian, Chao Liu, Ying-Hua Zhang",astro-ph.GA,2026-01-03T08:11:20Z,http://arxiv.org/abs/2601.01110v2,2601.01110,action_angle_methods,102,78,False,False,180,258
astrobench_705f443da5,astrobench_705f443da5_chunk_000,0,"Distribution function-based modelling of discrete kinematic datasets, in application to the Milky Way nuclear star cluster. We present a method for constructing dynamical models of stellar systems described by distribution functions and constrained by discrete-kinematic data. We implement various improvements compared to earlier applications of this approach, demonstrating with several examples that it can deliver meaningful constraints on the mass distribution even in situations when the density profile of tracers and the selection function of the kinematic catalogue are unknown. We then apply this method to the Milky Way nuclear star cluster, using kinematic data (line-of-sight velocities and proper motions) for a few thousand stars within 10 pc from the central black hole, accounting for the contributions of the nuclear",title_abstract,title_abstract,,,,,"Distribution function-based modelling of discrete kinematic datasets, in application to the Milky Way nuclear star cluster","Eugene Vasiliev, Anja Feldmeier-Krause, Mattia C. Sormani",astro-ph.GA,2026-03-31T09:44:14Z,http://arxiv.org/abs/2603.29502v1,2603.29502,distribution_functions,156,120,False,False,0,120
astrobench_705f443da5,astrobench_705f443da5_chunk_001,1,"star cluster, using kinematic data (line-of-sight velocities and proper motions) for a few thousand stars within 10 pc from the central black hole, accounting for the contributions of the nuclear stellar disc and the Galactic bar. We measure the mass of the black hole to be 4x10^6 Msun with a 10% uncertainty, which agrees with the more precise value obtained by the GRAVITY instrument. The inferred stellar mass profile depends on the choice of kinematic data, but the total mass within 10 pc is well constrained in all models to be (2.0-2.3)x10^7 Msun. We make our models publicly available as part of the Agama software framework for galactic dynamics.",title_abstract,title_abstract,,,,,"Distribution function-based modelling of discrete kinematic datasets, in application to the Milky Way nuclear star cluster","Eugene Vasiliev, Anja Feldmeier-Krause, Mattia C. Sormani",astro-ph.GA,2026-03-31T09:44:14Z,http://arxiv.org/abs/2603.29502v1,2603.29502,distribution_functions,142,109,False,False,90,199
astrobench_f31aa696a1,astrobench_f31aa696a1_chunk_000,0,"Forward-modelling Milky Way Cepheids: selection effects and physical priors in the Gaia-HST calibration. The advent of high-precision Gaia parallaxes for Milky Way Cepheids enables per cent-level calibration of the local distance ladder and $H_0$. We revisit the Milky Way Cepheid calibration from Gaia EDR3 parallaxes using a fully forward-modelled Bayesian framework that simultaneously infers the period--luminosity relation, the Gaia parallax zero-point offset, and individual stellar distances while explicitly incorporating the disk geometry of the Galaxy through the distance prior and the selection functions specified in two distinct HST SH0ES campaigns. We derive an analytic treatment of the detection probability that accounts for magnitude, parallax, period, and extinction cuts and reduces the selection treatment to a tractable integral over distance and",title_abstract,title_abstract,,,,,Forward-modelling Milky Way Cepheids: selection effects and physical priors in the Gaia-HST calibration,"Richard Stiskalek, Adam Riess, Harry Desmond, Guilhem Lavaux, Dan Scolnic",astro-ph.GA,2026-03-10T16:39:31Z,http://arxiv.org/abs/2603.09880v1,2603.09880,distribution_functions,156,120,False,True,0,120
astrobench_f31aa696a1,astrobench_f31aa696a1_chunk_001,1,"We derive an analytic treatment of the detection probability that accounts for magnitude, parallax, period, and extinction cuts and reduces the selection treatment to a tractable integral over distance and sky position. Posterior predictive checks show that this generative model matches well the observed distributions of parallaxes, magnitudes, and periods. Modelling Galactic structure and survey truncation self-consistently in a Bayesian framework yields period--luminosity parameters that agree with the SH0ES maximum-likelihood values at the ${<}0.5\,σ$ level, a consequence, we show, of the small intrinsic scatter of the Cepheid period--luminosity relation. Adopting, as recently advocated, a uniform-in-volume prior without simultaneously accounting for selection leads to a ${\sim}\,0.05~\mathrm{mag}$ bias in the period--luminosity zero-point and posterior predictive distributions incompatible with the observed data; this",title_abstract,title_abstract,,,,,Forward-modelling Milky Way Cepheids: selection effects and physical priors in the Gaia-HST calibration,"Richard Stiskalek, Adam Riess, Harry Desmond, Guilhem Lavaux, Dan Scolnic",astro-ph.GA,2026-03-10T16:39:31Z,http://arxiv.org/abs/2603.09880v1,2603.09880,distribution_functions,156,120,False,True,90,210
astrobench_f31aa696a1,astrobench_f31aa696a1_chunk_002,2,"as recently advocated, a uniform-in-volume prior without simultaneously accounting for selection leads to a ${\sim}\,0.05~\mathrm{mag}$ bias in the period--luminosity zero-point and posterior predictive distributions incompatible with the observed data; this shift is mostly driven by the omission of the selection model. A consistent Bayesian treatment of Galactic structure and selection effects reinforces the local distance-ladder determination of $H_0$, and hence the Hubble tension with early-Universe inferences.",title_abstract,title_abstract,,,,,Forward-modelling Milky Way Cepheids: selection effects and physical priors in the Gaia-HST calibration,"Richard Stiskalek, Adam Riess, Harry Desmond, Guilhem Lavaux, Dan Scolnic",astro-ph.GA,2026-03-10T16:39:31Z,http://arxiv.org/abs/2603.09880v1,2603.09880,distribution_functions,86,66,False,True,180,246
astrobench_98f72fa560,astrobench_98f72fa560_chunk_000,0,"A Selection Aware View of Black Hole-Galaxy Coevolution at High Redshift. The large population of broad-line Active Galactic Nuclei (AGN) observed with the James Webb Space Telescope (JWST) at $z \gtrsim 4$ opens a new window onto the black hole-galaxy connection in the first Gyr of cosmic history. We use the JADES survey-level dataset and develop a forward-modeling Bayesian framework that explicitly accounts for broad H$α$ detectability, ensuring that selection effects are incorporated into the likelihood function. With this approach, we constrain the black hole-stellar mass ($M_{\mathrm{BH}}$-$M_\star$) relation to be $\log M_{\rm BH} = -4.06^{+0.50}_{-0.51} + 1.17^{+0.06}_{-0.06}\,\log M_\star$, with an intrinsic orthogonal scatter of $σ_{\rm int} = 0.63^{+0.14}_{-0.11}$ dex. The slope and normalization are consistent with local determinations, indicating that",title_abstract,title_abstract,,,,,A Selection Aware View of Black Hole-Galaxy Coevolution at High Redshift,"Francesco Ziparo, Stefano Carniani, Simona Gallerani, Bartolomeo Trefoloni",astro-ph.GA,2026-03-04T18:25:51Z,http://arxiv.org/abs/2603.04358v1,2603.04358,distribution_functions,156,120,False,True,0,120
astrobench_98f72fa560,astrobench_98f72fa560_chunk_001,1,"$\log M_{\rm BH} = -4.06^{+0.50}_{-0.51} + 1.17^{+0.06}_{-0.06}\,\log M_\star$, with an intrinsic orthogonal scatter of $σ_{\rm int} = 0.63^{+0.14}_{-0.11}$ dex. The slope and normalization are consistent with local determinations, indicating that the average scaling was already established by $z \sim 4$-6. This suggests that the primary evolution of the relation occurs in its dispersion rather than in its mean normalization. In contrast, the substantially larger intrinsic scatter relative to the nearby Universe reveals a wider diversity of black hole-galaxy growth histories, likely driven by bursty accretion, delayed feedback, and differences in merger or seeding histories. Future JWST samples will be crucial to test whether this increased scatter is a persistent feature of the high-redshift Universe.",title_abstract,title_abstract,,,,,A Selection Aware View of Black Hole-Galaxy Coevolution at High Redshift,"Francesco Ziparo, Stefano Carniani, Simona Gallerani, Bartolomeo Trefoloni",astro-ph.GA,2026-03-04T18:25:51Z,http://arxiv.org/abs/2603.04358v1,2603.04358,distribution_functions,149,114,False,True,90,204
astrobench_a877243f10,astrobench_a877243f10_chunk_000,0,Distribution functions for spheroids. Galaxy models comprising several components (including dark matter) that are bound by the self-consistently generated gravitational field are readily constructed from distribution functions (DFs) that are analytic functions of the action integrals J. We explain why such models have unphysical velocity distributions unless the DFs of hot components satisfy certain conditions as J_φ-> 0. We show how DFs for both isotropic and radially biased spherical systems can be constructed with specified f(J). We show how to construct DFs for flattened systems with significant velocity anisotropy. Construction of self-consistent models rather than populations that are confined by an external potential leads to the conclusion that radially-biased spherical systems are generically unstable to quadrupolar perturbations. Chaos is likely,title_abstract,title_abstract,,,,,Distribution functions for spheroids,James Binney,astro-ph.GA,2026-02-26T15:41:51Z,http://arxiv.org/abs/2602.23127v1,2602.23127,distribution_functions,156,120,False,False,0,120
astrobench_a877243f10,astrobench_a877243f10_chunk_001,1,of self-consistent models rather than populations that are confined by an external potential leads to the conclusion that radially-biased spherical systems are generically unstable to quadrupolar perturbations. Chaos is likely key to maintenance of these constraints during adiabatic disc growth.,title_abstract,title_abstract,,,,,Distribution functions for spheroids,James Binney,astro-ph.GA,2026-02-26T15:41:51Z,http://arxiv.org/abs/2602.23127v1,2602.23127,distribution_functions,52,40,False,False,90,130
astrobench_c4e7b8fe70,astrobench_c4e7b8fe70_chunk_000,0,"Scattering, Migration, Re-circularization and Relaxation to Build Out Galaxy Disks with Exponential Profiles. Scattering of stars by interstellar clouds or massive clumps increases the stellar velocity dispersion and promotes a radial disk profile that is exponential. Here we show that such scattering reaches a steady-state distribution function of stellar eccentricity, after which eccentricity increases and decreases occur at equal rates. The implication is that clump/cloud scattering recircularizes eccentric stellar orbits, keeping the stellar velocity dispersion in a limited range. This re-circularization regulates disk heating and maintains kinematic coherence, contributing to the longevity of disk structures. The eccentricity distribution function and the presence of recircularizing cloud-star interactions are independent of cloud mass but the timescale to reach equilibrium decreases with increasing",title_abstract,title_abstract,,,,,"Scattering, Migration, Re-circularization and Relaxation to Build Out Galaxy Disks with Exponential Profiles","Curtis Struck, Bruce G. Elmegreen, Elena DOnghia",astro-ph.GA,2026-02-24T18:17:09Z,http://arxiv.org/abs/2602.21171v1,2602.21171,distribution_functions,156,120,False,False,0,120
astrobench_c4e7b8fe70,astrobench_c4e7b8fe70_chunk_001,1,"the longevity of disk structures. The eccentricity distribution function and the presence of recircularizing cloud-star interactions are independent of cloud mass but the timescale to reach equilibrium decreases with increasing mass. The calculations are made in the simplest possible disk system to highlight the effects of scattering without contamination from spiral waves, star formation, and other processes. The calculations also reveal a bifurcation in the disk evolutions whereby in a minority of cases temporary asymmetries in the clump spatial distribution drive the disks to an end state of increased velocity dispersion and orbital eccentricity corresponding to early type disks. Overall the models emphasize an important physical process that can make and maintain an exponential stellar disk in all galaxies with",title_abstract,title_abstract,,,,,"Scattering, Migration, Re-circularization and Relaxation to Build Out Galaxy Disks with Exponential Profiles","Curtis Struck, Bruce G. Elmegreen, Elena DOnghia",astro-ph.GA,2026-02-24T18:17:09Z,http://arxiv.org/abs/2602.21171v1,2602.21171,distribution_functions,156,120,False,False,90,210
astrobench_c4e7b8fe70,astrobench_c4e7b8fe70_chunk_002,2,dispersion and orbital eccentricity corresponding to early type disks. Overall the models emphasize an important physical process that can make and maintain an exponential stellar disk in all galaxies with a cloudy interstellar medium.,title_abstract,title_abstract,,,,,"Scattering, Migration, Re-circularization and Relaxation to Build Out Galaxy Disks with Exponential Profiles","Curtis Struck, Bruce G. Elmegreen, Elena DOnghia",astro-ph.GA,2026-02-24T18:17:09Z,http://arxiv.org/abs/2602.21171v1,2602.21171,distribution_functions,45,34,False,False,180,214
astrobench_3644e67b5c,astrobench_3644e67b5c_chunk_000,0,"Probabilistic inference in very large universes. [Abridged] Some cosmological theories propose that the observable universe is a small part of a much larger universe in which parameters describing the low-energy laws of physics vary from region to region. How can we reasonably assess a theory that describes such a mostly unobservable universe? We propose a Bayesian method based on theory-generated probability distributions for our observations. We focus on basic principles, leaving aside concerns about practicality. (We also leave aside the measure problem, to discuss other issues.) We argue that cosmological theories can be tested by standard Bayesian updating, but we need to use theoretical predictions for ""first-person"" probabilities -- i.e., probabilities for our observations, accounting for all relevant selection effects.",title_abstract,title_abstract,,,,,Probabilistic inference in very large universes,"Feraz Azhar, Alan H. Guth, Mohammad Hossein Namjoo",astro-ph.CO,2026-02-02T19:00:05Z,http://arxiv.org/abs/2602.02667v1,2602.02667,distribution_functions,156,120,False,False,0,120
astrobench_3644e67b5c,astrobench_3644e67b5c_chunk_001,1,"theories can be tested by standard Bayesian updating, but we need to use theoretical predictions for ""first-person"" probabilities -- i.e., probabilities for our observations, accounting for all relevant selection effects. These selection effects can depend on the observer, and on time, so in principle first-person probabilities are defined for each observer-instant -- an observer at an instant of time. First-person probabilities should take into account everything the observer believes about herself and her surroundings -- i.e., her ""subjective state"". We advocate a ""Principle of Self-Locating Indifference"" (PSLI), asserting that any real observer should make predictions as if she were chosen randomly from the theoretically predicted observer-instants that share her subjective state. We believe the PSLI is intuitively very reasonable, but",title_abstract,title_abstract,,,,,Probabilistic inference in very large universes,"Feraz Azhar, Alan H. Guth, Mohammad Hossein Namjoo",astro-ph.CO,2026-02-02T19:00:05Z,http://arxiv.org/abs/2602.02667v1,2602.02667,distribution_functions,156,120,False,False,90,210
astrobench_3644e67b5c,astrobench_3644e67b5c_chunk_002,2,"real observer should make predictions as if she were chosen randomly from the theoretically predicted observer-instants that share her subjective state. We believe the PSLI is intuitively very reasonable, but also argue that it maximizes the expected fraction of observers who will make correct predictions. Cosmological theories will in general predict a set of possible universes, each with a probability. To calculate first-person probabilities, we argue that each possible universe should be weighted by the number of observer-instants in the specified subjective state that it contains. We also discuss Boltzmann brains, the humans/Jovians parable of Hartle and Srednicki, and the use of ""old evidence"".",title_abstract,title_abstract,,,,,Probabilistic inference in very large universes,"Feraz Azhar, Alan H. Guth, Mohammad Hossein Namjoo",astro-ph.CO,2026-02-02T19:00:05Z,http://arxiv.org/abs/2602.02667v1,2602.02667,distribution_functions,136,104,False,False,180,284
astrobench_ef28bece42,astrobench_ef28bece42_chunk_000,0,"Galactic disc warps from $z = 2.5$ to modern epoch: ruling out observational effects. A significant fraction of galaxies show warps in their discs, usually noticeable at its periphery. The exact origin of this phenomenon is not fully established, although multiple warp formation mechanisms are proposed. In this study, we create a sample of more than 1000 distant ($z \lesssim 2.5$) edge-on galaxies imaged by HST and JWST. For these galaxies, we measurd characteristics of warps and finally analyse how their parameters and frequency change with time. We focus on our main result that galaxies with strong warps were more prevalent in the past compared to the modern epoch. We check how selection effects and varying image quality between objects",title_abstract,title_abstract,,,,,Galactic disc warps from $z = 2.5$ to modern epoch: ruling out observational effects,"Ilia V. Chugunov, Vladimir P. Reshetnikov, Alexander A. Marchuk",astro-ph.GA,2026-02-01T15:39:04Z,http://arxiv.org/abs/2602.01286v1,2602.01286,distribution_functions,156,120,False,True,0,120
astrobench_ef28bece42,astrobench_ef28bece42_chunk_001,1,"our main result that galaxies with strong warps were more prevalent in the past compared to the modern epoch. We check how selection effects and varying image quality between objects in our sample could influence our results and conclude that varying fraction of warped galaxies is not caused by observational effects, but represents a genuine evolution. Such a trend may be consistent with mergers and interactions between galaxies being the primary mechanism of warp formation, as number density of galaxies decreases with time, implying higher rate of mergers and interactions in the past.",title_abstract,title_abstract,,,,,Galactic disc warps from $z = 2.5$ to modern epoch: ruling out observational effects,"Ilia V. Chugunov, Vladimir P. Reshetnikov, Alexander A. Marchuk",astro-ph.GA,2026-02-01T15:39:04Z,http://arxiv.org/abs/2602.01286v1,2602.01286,distribution_functions,121,93,False,False,90,183
astrobench_6b026e54cb,astrobench_6b026e54cb_chunk_000,0,"The LEGARE Project. I. Chemical evolution model of the Nuclear Stellar Disc in a Bayesian framework. The Nuclear Stellar Disc (NSD) of the Milky Way is a dense, rotating stellar system in the central 200 pc. The NSD is thought to be primarily fuelled by bar-driven gas inflows from the inner Galactic disc. As part of the LEGARE project, we construct the first chemical evolution models for the NSD using a Bayesian approach tailored to reproduce the observed metallicity distribution functions (MDFs) and compared with the available abundance ratios for Mg, Si, Ca relative to Fe. We adopt a state-of-the-art chemical evolution model in which the gas responsible for the formation of the NSD is assumed to be driven by",title_abstract,title_abstract,,,,,The LEGARE Project. I. Chemical evolution model of the Nuclear Stellar Disc in a Bayesian framework,"E. Spitoni, M. Schultheis, F. Matteucci, N. Ryde, G. Cescutti, A. Saro, M. C. Sormani, B. Thorsbro",astro-ph.GA,2026-01-28T20:48:30Z,http://arxiv.org/abs/2601.21032v1,2601.21032,distribution_functions,156,120,False,False,0,120
astrobench_6b026e54cb,astrobench_6b026e54cb_chunk_001,1,"Mg, Si, Ca relative to Fe. We adopt a state-of-the-art chemical evolution model in which the gas responsible for the formation of the NSD is assumed to be driven by the Galactic bar-induced inflows. The chemical composition of the accreted material is assumed to reflect that of the Galactic disc at a radius of 4 kpc. A Bayesian MCMC framework is used to fit the MDFs of different samples of NSD stars. If we take the NSD data at face value, without considering a possible contamination from bulge stars, we find that a formation scenario based on the inner disc flowing gas is inconsistent with the low metallicity tail of the observed MDF. This is because the inner disc metallicity,",title_abstract,title_abstract,,,,,The LEGARE Project. I. Chemical evolution model of the Nuclear Stellar Disc in a Bayesian framework,"E. Spitoni, M. Schultheis, F. Matteucci, N. Ryde, G. Cescutti, A. Saro, M. C. Sormani, B. Thorsbro",astro-ph.GA,2026-01-28T20:48:30Z,http://arxiv.org/abs/2601.21032v1,2601.21032,distribution_functions,156,120,False,False,90,210
astrobench_6b026e54cb,astrobench_6b026e54cb_chunk_002,2,"find that a formation scenario based on the inner disc flowing gas is inconsistent with the low metallicity tail of the observed MDF. This is because the inner disc metallicity, at the epoch of bar formation, was already near solar. On the other hand, models invoking dilution from additional metal-poor inflows successfully reproduce the observations. The best-fit model requires inflow metallicity 5 times lower than the inner disc and a moderate star formation efficiency. The same model successfully reproduces the observed [$α$/Fe] vs. [Fe/H] ratios and predicts a star formation history consistent with the most recent estimates. However, if we assume that the MDF is contaminated by metal poor bulge stars and restricted to [Fe/H] > -0.3 dex, gas dilution",title_abstract,title_abstract,,,,,The LEGARE Project. I. Chemical evolution model of the Nuclear Stellar Disc in a Bayesian framework,"E. Spitoni, M. Schultheis, F. Matteucci, N. Ryde, G. Cescutti, A. Saro, M. C. Sormani, B. Thorsbro",astro-ph.GA,2026-01-28T20:48:30Z,http://arxiv.org/abs/2601.21032v1,2601.21032,distribution_functions,156,120,False,True,180,300
astrobench_6b026e54cb,astrobench_6b026e54cb_chunk_003,3,"history consistent with the most recent estimates. However, if we assume that the MDF is contaminated by metal poor bulge stars and restricted to [Fe/H] > -0.3 dex, gas dilution is no longer required. In this case, the best-fit model has a very low star formation efficiency and a mild galactic wind.",title_abstract,title_abstract,,,,,The LEGARE Project. I. Chemical evolution model of the Nuclear Stellar Disc in a Bayesian framework,"E. Spitoni, M. Schultheis, F. Matteucci, N. Ryde, G. Cescutti, A. Saro, M. C. Sormani, B. Thorsbro",astro-ph.GA,2026-01-28T20:48:30Z,http://arxiv.org/abs/2601.21032v1,2601.21032,distribution_functions,68,52,False,False,270,322
astrobench_0deff610d0,astrobench_0deff610d0_chunk_000,0,"Hierarchical bayesian inference: constraining population distribution of dark matter halo shapes via stellar streams. Stellar streams, the debris of tidally disrupted satellites, trace their host's gravitational potential and thus probe dark matter halo structure. While six-dimensional phase-space data of Galactic streams enable precise dark matter halo modelling in the Milky Way, streams around external galaxies are typically available only as low surface brightness features without kinematics (i.e. two-dimensional photometric data), providing only weak constraints when considered individually. We present a hierarchical Bayesian framework that infers the population distribution of halo flattening using only projected stream tracks. Streams are forward-modelled in StreaMAX, a new JAX-accelerated particle-spray package that achieves orders of magnitude faster stream generation when compared to traditional methods. For",title_abstract,title_abstract,,,,,Hierarchical bayesian inference: constraining population distribution of dark matter halo shapes via stellar streams,"David Chemaly, Elisabeth Sola, Vasily Belokurov, Sergey Koposov, GyuChul Meyong, HanYuan Zhang, Denis Erkal",astro-ph.GA,2026-01-21T19:00:00Z,http://arxiv.org/abs/2601.15373v2,2601.15373,distribution_functions,156,120,False,False,0,120
astrobench_0deff610d0,astrobench_0deff610d0_chunk_001,1,"flattening using only projected stream tracks. Streams are forward-modelled in StreaMAX, a new JAX-accelerated particle-spray package that achieves orders of magnitude faster stream generation when compared to traditional methods. For each stream we fit an axisymmetric dark matter halo model and obtain a posterior on the flattening. These posteriors are then combined through hierarchical reweighting to constrain the population distribution. Using mock data, we show that individual fits recover the correct flattening with modest precision and exhibit projection-induced multi-modalities. Nevertheless, aggregating these fits yields accurate and confident constraints on the underlying population distribution of dark matter halo morphologies, clearly distinguishing between oblate, spherical, and prolate populations. The total computational cost scales linearly with sample size. Our results demonstrate that ensembles",title_abstract,title_abstract,,,,,Hierarchical bayesian inference: constraining population distribution of dark matter halo shapes via stellar streams,"David Chemaly, Elisabeth Sola, Vasily Belokurov, Sergey Koposov, GyuChul Meyong, HanYuan Zhang, Denis Erkal",astro-ph.GA,2026-01-21T19:00:00Z,http://arxiv.org/abs/2601.15373v2,2601.15373,distribution_functions,156,120,False,False,90,210
astrobench_0deff610d0,astrobench_0deff610d0_chunk_002,2,"underlying population distribution of dark matter halo morphologies, clearly distinguishing between oblate, spherical, and prolate populations. The total computational cost scales linearly with sample size. Our results demonstrate that ensembles of purely photometric streams carry sufficient information to constrain dark matter halo shapes in external galaxies at the population level. With the forthcoming samples from Euclid and Rubin/LSST, this approach offers a practical path to population-level inferences of halo morphology without any kinematic measurements.",title_abstract,title_abstract,,,,,Hierarchical bayesian inference: constraining population distribution of dark matter halo shapes via stellar streams,"David Chemaly, Elisabeth Sola, Vasily Belokurov, Sergey Koposov, GyuChul Meyong, HanYuan Zhang, Denis Erkal",astro-ph.GA,2026-01-21T19:00:00Z,http://arxiv.org/abs/2601.15373v2,2601.15373,distribution_functions,97,74,False,False,180,254
astrobench_3474c47fe1,astrobench_3474c47fe1_chunk_000,0,"Self-consistent dynamical models with a finite extent -- V. Smooth radial truncations and phase-space consistency. Many stellar systems exhibit a finite spatial extent, yet constructing self-consistent spherical models with a prescribed outer boundary is non-trivial because sharp density cutoffs introduce discontinuities that lead to inconsistencies in the associated distribution function. In this paper we show that these difficulties arise from the abruptness of the truncation rather than from the finite extent itself. We introduce a general and infinitely differentiable radial truncation scheme that can be applied to any density profile, and illustrate its behaviour using the Hernquist model. We find that softly truncated models are dynamically consistent provided that the truncation is sufficiently gradual, and we determine the corresponding critical",title_abstract,title_abstract,,,,,Self-consistent dynamical models with a finite extent -- V. Smooth radial truncations and phase-space consistency,Maarten Baes,astro-ph.GA,2026-01-13T09:17:21Z,http://arxiv.org/abs/2601.08361v1,2601.08361,distribution_functions,156,120,False,False,0,120
astrobench_3474c47fe1,astrobench_3474c47fe1_chunk_001,1,"and illustrate its behaviour using the Hernquist model. We find that softly truncated models are dynamically consistent provided that the truncation is sufficiently gradual, and we determine the corresponding critical truncation sharpness. Their distribution functions display a characteristic bump-dip feature near the truncation energy that signals the transition between consistent and inconsistent cases. In contrast to sharply truncated models, softly truncated systems can support an extensive family of Osipkov-Merritt orbital structures, including moderately radial ones. Soft truncations therefore offer a general and physically motivated route to constructing finite-extent dynamical models with well-controlled outer-edge behaviour.",title_abstract,title_abstract,,,,,Self-consistent dynamical models with a finite extent -- V. Smooth radial truncations and phase-space consistency,Maarten Baes,astro-ph.GA,2026-01-13T09:17:21Z,http://arxiv.org/abs/2601.08361v1,2601.08361,distribution_functions,123,94,False,False,90,184
astrobench_79edfd6850,astrobench_79edfd6850_chunk_000,0,"Constraining the Galactic bar and spiral pattern speeds with the Hyades tidal stream. We present a suite of direct $N$-body simulations of the Hyades open cluster and its tidal stream in a Milky Way potential that includes a rotating bar and spiral arms. Using the high-resolution code PETAR and an AGAMA-based multi-component Galactic model, we vary the bar and spiral pattern speeds ($Ω_b$, $Ω_s$) on a discrete grid and quantify the resulting changes in stream orientation, length, and internal density structure. We compare the simulations to Gaia EDR3 using the convergent point (CP) and compact convergent point (CCP) methods, followed by an adaptive three-dimensional nearest-neighbor matching in Cartesian space $(x,y,z)$. The Gaia candidate members exhibit a pronounced longitudinal density peak",title_abstract,title_abstract,,,,,Constraining the Galactic bar and spiral pattern speeds with the Hyades tidal stream,"Zi-yi Zhou, Long Wang, Tereza Jerabkova, Zhenghao He",astro-ph.GA,2026-03-31T07:33:52Z,http://arxiv.org/abs/2603.29360v1,2603.29360,galactic_dynamics,156,120,False,True,0,120
astrobench_79edfd6850,astrobench_79edfd6850_chunk_001,1,"convergent point (CP) and compact convergent point (CCP) methods, followed by an adaptive three-dimensional nearest-neighbor matching in Cartesian space $(x,y,z)$. The Gaia candidate members exhibit a pronounced longitudinal density peak at $Y_{\mathrm{rot}} \approx 0.1\,\mathrm{kpc}$ in a stream-aligned coordinate system. Models with $Ω_s = 22.5\,\mathrm{km\,s^{-1}\,kpc^{-1}}$ and $Ω_b \simeq 40$--$45\,\mathrm{km\,s^{-1}\,kpc^{-1}}$ best reproduce this feature, while faster-bar models fail to match the observed density structure. These models are consistent with recent constraints favoring a relatively slow Galactic bar, and they illustrate how nearby open-cluster streams can provide an independent, local constraint on non-axisymmetric Galactic dynamics.",title_abstract,title_abstract,,,,,Constraining the Galactic bar and spiral pattern speeds with the Hyades tidal stream,"Zi-yi Zhou, Long Wang, Tereza Jerabkova, Zhenghao He",astro-ph.GA,2026-03-31T07:33:52Z,http://arxiv.org/abs/2603.29360v1,2603.29360,galactic_dynamics,120,92,False,True,90,182
astrobench_e6b347fbf5,astrobench_e6b347fbf5_chunk_000,0,"Set the Night on FIRE: Building an Empirical Local Dark Matter Velocity Distribution. The majority of terrestrial direct detection experiments for Dark Matter (DM) rely on the Standard Halo Model (SHM), which assumes the local DM velocity distribution follows a Maxwell-Boltzmann distribution. However, galaxy mergers can deposit DM that remains kinematically clustered today, inducing deviations from the smooth SHM prediction. Previous studies have suggested that the local stellar velocity distribution may serve as a tracer for DM populations originating from the same progenitor systems. In this work, we systematically investigate how merger mass and accretion time affect the correlation between local stellar and DM velocity distributions in Milky Way-like galaxies from the FIRE-2 simulations. We find a strong correlation between",title_abstract,title_abstract,,,,,Set the Night on FIRE: Building an Empirical Local Dark Matter Velocity Distribution,"Xiuyuan Zhang, Andreas Thoyas, Lina Necib, Andrew Wetzel, Arpit Arora",astro-ph.GA,2026-03-26T18:00:00Z,http://arxiv.org/abs/2603.25783v1,2603.25783,galactic_dynamics,156,120,False,False,0,120
astrobench_e6b347fbf5,astrobench_e6b347fbf5_chunk_001,1,"how merger mass and accretion time affect the correlation between local stellar and DM velocity distributions in Milky Way-like galaxies from the FIRE-2 simulations. We find a strong correlation between traceable DM components and their stellar counterparts, with the tightest correspondence arising from lower-mass mergers accreted at earlier cosmic times. For the remaining DM that lacks an identifiable stellar counterpart, which dominate the full DM fraction, we find that its velocity distribution is well described by a component-wise generalized Gaussian. Combining these two ingredients, we reconstruct the full local DM velocity distribution. This framework captures merger-induced features-such as co-rotation of accreted material with the galactic disk-that are entirely absent in the SHM. Finally, we propagate uncertainties through the reconstruction and",title_abstract,title_abstract,,,,,Set the Night on FIRE: Building an Empirical Local Dark Matter Velocity Distribution,"Xiuyuan Zhang, Andreas Thoyas, Lina Necib, Andrew Wetzel, Arpit Arora",astro-ph.GA,2026-03-26T18:00:00Z,http://arxiv.org/abs/2603.25783v1,2603.25783,galactic_dynamics,156,120,False,False,90,210
astrobench_e6b347fbf5,astrobench_e6b347fbf5_chunk_002,2,"velocity distribution. This framework captures merger-induced features-such as co-rotation of accreted material with the galactic disk-that are entirely absent in the SHM. Finally, we propagate uncertainties through the reconstruction and show that they are dominated by the stellar mass-halo mass relation, which is unlikely to improve substantially in the near term. We therefore argue that this framework approaches the current limit of our ability to characterize the local DM velocity distribution.",title_abstract,title_abstract,,,,,Set the Night on FIRE: Building an Empirical Local Dark Matter Velocity Distribution,"Xiuyuan Zhang, Andreas Thoyas, Lina Necib, Andrew Wetzel, Arpit Arora",astro-ph.GA,2026-03-26T18:00:00Z,http://arxiv.org/abs/2603.25783v1,2603.25783,galactic_dynamics,93,71,False,False,180,251
astrobench_1e3dee4300,astrobench_1e3dee4300_chunk_000,0,"Bar Properties and Star-by-Star Bar Membership via Action Conservation. A bar-like central feature is commonly observed in both nearby and distant spiral-type galaxies, including the Milky Way. While many methods exist to categorise this morphology, no one method has emerged as the field-wide standard. To develop a rigorous and consistent method for identifying these bars, we investigate a classification scheme based on dynamical actions. In the Gaia era, actions can be estimated for individual stars in both observations and simulations, making this a natural and unifying diagnostic, assuming the intrinsic errors and selection functions are understood. Our approach is straightforward: stars that participate in the bar are subject to a strongly non-axisymmetric potential and, therefore, do not completely conserve their",title_abstract,title_abstract,,,,,Bar Properties and Star-by-Star Bar Membership via Action Conservation,"Elizabeth J. Iles, Finn A. Pal, Joss Bland-Hawthorn, Ken Freeman",astro-ph.GA,2026-03-26T02:45:29Z,http://arxiv.org/abs/2603.24952v1,2603.24952,galactic_dynamics,156,120,False,False,0,120
astrobench_1e3dee4300,astrobench_1e3dee4300_chunk_001,1,"errors and selection functions are understood. Our approach is straightforward: stars that participate in the bar are subject to a strongly non-axisymmetric potential and, therefore, do not completely conserve their actions. We use this property to define a star-by-star criterion, formulated as an inequality and evaluated within measurement uncertainties, to identify bar members based on the degree to which their total action fails to be conserved. From tests on simulated galaxies, we find that the bar region is indeed characterised by a lower fraction of stars with conserved actions and that stars on bar orbits are represented by larger percentage changes in their actions. We are able to classify the spatial extent of barred region via the standard parameters of",title_abstract,title_abstract,,,,,Bar Properties and Star-by-Star Bar Membership via Action Conservation,"Elizabeth J. Iles, Finn A. Pal, Joss Bland-Hawthorn, Ken Freeman",astro-ph.GA,2026-03-26T02:45:29Z,http://arxiv.org/abs/2603.24952v1,2603.24952,galactic_dynamics,156,120,False,False,90,210
astrobench_1e3dee4300,astrobench_1e3dee4300_chunk_002,2,"that stars on bar orbits are represented by larger percentage changes in their actions. We are able to classify the spatial extent of barred region via the standard parameters of bar length and orientation, while also individually separating bar-located from bar-member stars on bar orbits. As proof of concept, our automated method based on dynamical actions robustly identifies bar parameters that closely match the eye's performance (average bar length variation ~9%) in barred snapshots of the test galaxy.",title_abstract,title_abstract,,,,,Bar Properties and Star-by-Star Bar Membership via Action Conservation,"Elizabeth J. Iles, Finn A. Pal, Joss Bland-Hawthorn, Ken Freeman",astro-ph.GA,2026-03-26T02:45:29Z,http://arxiv.org/abs/2603.24952v1,2603.24952,galactic_dynamics,102,78,False,False,180,258
astrobench_eb380fd57f,astrobench_eb380fd57f_chunk_000,0,"Phase spirals across galactic disks I: Exploring dynamical influences on winding. The vertical phase-space spirals in the Milky Way are clear evidence of disequilibrium. However, they are challenging to study because phase mixing signals evolve under the influence of many different dynamical processes and can be driven by many sources of disequilibrium. We characterize phase spirals in two simulations -- one test particle and one N-body -- with basis function expansions, using these to derive winding times ($T_{\rm fit}$). We find that phase spirals in the test particle simulation wind up as expected from pure phase mixing theory while those in the self-consistent simulation do not. Specifically, in the N-body simulation we find that (i) the onset of winding is",title_abstract,title_abstract,,,,,Phase spirals across galactic disks I: Exploring dynamical influences on winding,"Kiyan Tavangar, Kathryn V. Johnston, Jason A. S. Hunt, Axel Widmark, Chris Hamilton, Michael S. Petersen, Martin D. Weinberg",astro-ph.GA,2026-03-24T18:00:00Z,http://arxiv.org/abs/2603.23588v1,2603.23588,galactic_dynamics,156,120,False,True,0,120
astrobench_eb380fd57f,astrobench_eb380fd57f_chunk_001,1,"up as expected from pure phase mixing theory while those in the self-consistent simulation do not. Specifically, in the N-body simulation we find that (i) the onset of winding is delayed, (ii) the winding rate is slowed, and (iii) the rate of winding oscillates with time. The extent of these effects depends on the azimuthal action $J_φ$ of the phase spiral region. We build some physical intuition for these effects through 1-D toy models which follow a group of co-moving stars traveling through several different evolving potentials. We find that phase spiral winding can be delayed until the group no longer moves coherently with the midplane of the (perturbed) potential and oscillates with time as the group experiences (e.g.) a",title_abstract,title_abstract,,,,,Phase spirals across galactic disks I: Exploring dynamical influences on winding,"Kiyan Tavangar, Kathryn V. Johnston, Jason A. S. Hunt, Axel Widmark, Chris Hamilton, Michael S. Petersen, Martin D. Weinberg",astro-ph.GA,2026-03-24T18:00:00Z,http://arxiv.org/abs/2603.23588v1,2603.23588,galactic_dynamics,156,120,False,True,90,210
astrobench_eb380fd57f,astrobench_eb380fd57f_chunk_002,2,"phase spiral winding can be delayed until the group no longer moves coherently with the midplane of the (perturbed) potential and oscillates with time as the group experiences (e.g.) a breathing mode traveling through the disk. Rates of winding change as the vertical structure of the disk evolves. The modifications to winding are strongest in the inner galaxy where the disk potential dominates. We conclude that in the Milky Way, all calculations of the winding time should be interpreted as lower limits and that the most trustworthy winding times are likely in the outer disk.",title_abstract,title_abstract,,,,,Phase spirals across galactic disks I: Exploring dynamical influences on winding,"Kiyan Tavangar, Kathryn V. Johnston, Jason A. S. Hunt, Axel Widmark, Chris Hamilton, Michael S. Petersen, Martin D. Weinberg",astro-ph.GA,2026-03-24T18:00:00Z,http://arxiv.org/abs/2603.23588v1,2603.23588,galactic_dynamics,124,95,False,False,180,275
astrobench_cbff59e329,astrobench_cbff59e329_chunk_000,0,"Kinematic diagnostics for non-axisymmetry in the Milky Way's nuclear stellar disc. There is now strong evidence that the Milky Way (MW) hosts a nuclear stellar disc (NSD). However, whether the NSD is purely axisymmetric or contains a nuclear bar remains unresolved. Since approximately $50\%$ of barred galaxies with MW-like mass in the local Universe host a nuclear bar, investigating whether the MW hosts one is of interest. We conduct a systematic analysis to identify robust kinematic diagnostics capable of determining whether the MW hosts a nuclear bar. Using N-body simulations, we explore the kinematic signatures indicative of a nuclear bar. Using the phase-space coordinates longitude $(\ell)$, latitude $(b)$, proper motions ($μ_\ell$ and $μ_{\rm b})$ and line-of-sight velocity $(v_{\rm los})$, we",title_abstract,title_abstract,,,,,Kinematic diagnostics for non-axisymmetry in the Milky Way's nuclear stellar disc,"Karl Fiteni, Xingchen Li, Mattia C. Sormani, Victor P. Debattista, Arianna Vasini, Francisco Nogueras-Lara, Jason L. Sanders, Nathan Deg, Mathias Schultheis, Marco Donati, Zi-Xuan Feng",astro-ph.GA,2026-03-19T10:39:35Z,http://arxiv.org/abs/2603.18738v1,2603.18738,galactic_dynamics,156,120,False,True,0,120
astrobench_cbff59e329,astrobench_cbff59e329_chunk_001,1,"we explore the kinematic signatures indicative of a nuclear bar. Using the phase-space coordinates longitude $(\ell)$, latitude $(b)$, proper motions ($μ_\ell$ and $μ_{\rm b})$ and line-of-sight velocity $(v_{\rm los})$, we test various diagnostics assuming different nuclear bar orientations. We also evaluate how sample size, dust extinction and bar amplitude influence the efficacy of the diagnostics. We identify two independent kinematic diagnostics capable of revealing a nuclear bar in the MW: (1) the vertex deviation, $l_{\rm v}$, of the ($v_{\ell}-v_{\rm los}$) velocity ellipse; and (2) The asymmetry in the $μ_{\ell}$ vs $\ell$ distribution. While both are impacted by the sample size and extinction, the vertex deviation proves more robust, especially when combining stars from multiple observational fields. We also assess the",title_abstract,title_abstract,,,,,Kinematic diagnostics for non-axisymmetry in the Milky Way's nuclear stellar disc,"Karl Fiteni, Xingchen Li, Mattia C. Sormani, Victor P. Debattista, Arianna Vasini, Francisco Nogueras-Lara, Jason L. Sanders, Nathan Deg, Mathias Schultheis, Marco Donati, Zi-Xuan Feng",astro-ph.GA,2026-03-19T10:39:35Z,http://arxiv.org/abs/2603.18738v1,2603.18738,galactic_dynamics,156,120,False,True,90,210
astrobench_cbff59e329,astrobench_cbff59e329_chunk_002,2,"$\ell$ distribution. While both are impacted by the sample size and extinction, the vertex deviation proves more robust, especially when combining stars from multiple observational fields. We also assess the correlation between the line-of-sight velocity and the $h_3$ Gauss-Hermite moment (""skewness"") of the line-of-sight velocity but find no clear distinction between an NSD and a nuclear bar based on this metric. Our results suggest that data from the current KMOS survey may allow a marginal detection of a nuclear bar using the vertex deviation method. A companion paper provides further validation and detailed analysis of this approach. Nonetheless, future surveys will provide the high quality data necessary to fully exploit the diagnostics outlined in this study.",title_abstract,title_abstract,,,,,Kinematic diagnostics for non-axisymmetry in the Milky Way's nuclear stellar disc,"Karl Fiteni, Xingchen Li, Mattia C. Sormani, Victor P. Debattista, Arianna Vasini, Francisco Nogueras-Lara, Jason L. Sanders, Nathan Deg, Mathias Schultheis, Marco Donati, Zi-Xuan Feng",astro-ph.GA,2026-03-19T10:39:35Z,http://arxiv.org/abs/2603.18738v1,2603.18738,galactic_dynamics,151,116,False,True,180,296
astrobench_b7b4f9944a,astrobench_b7b4f9944a_chunk_000,0,"Quantifying the Milky Way, LMC and their interaction using all-sky kinematics of outer halo stars. The recent pericentric passage of the Large Magellanic Cloud (LMC) through the Milky Way (MW) has dislodged its centre of mass, inducing a state of dynamical disequilibrium, the reflex motion, in the kinematics of outer stellar halo stars. Using data out to distances of $160 \, \rm kpc$ from the combined H3+SEGUE+MagE outer halo survey, we constrain the mass of the MW and LMC, as well as the resulting reflex motion and the velocity anisotropy of the stellar halo. Using a suite of 32,000 rigid MW--LMC simulations, each with a MW stellar halo evolved to the present day in the combined MW--LMC potential, we perform",title_abstract,title_abstract,,,,,"Quantifying the Milky Way, LMC and their interaction using all-sky kinematics of outer halo stars","Richard A. N. Brooks, Jason L. Sanders, Adam M. Dillamore, Nicolás Garavito-Camargo, Vedant Chandra, Adrian M. Price-Whelan, Phillip Cargile",astro-ph.GA,2026-03-09T18:00:04Z,http://arxiv.org/abs/2603.08788v1,2603.08788,galactic_dynamics,156,120,False,True,0,120
astrobench_b7b4f9944a,astrobench_b7b4f9944a_chunk_001,1,"of the stellar halo. Using a suite of 32,000 rigid MW--LMC simulations, each with a MW stellar halo evolved to the present day in the combined MW--LMC potential, we perform Simulation Based Inference by training a neural posterior estimator on the means and dispersions of the radial and tangential velocities of stars from the combined H3+SEGUE+MagE outer halo sample. Relative to halo stars at $100 \, \rm kpc$, we find the magnitude of the reflex velocity to be $v_{\rm travel} = 39.4^{+7.6}_{-7.2}\,\rm km \, s^{-1}$. Simultaneously, we determine the enclosed MW mass to be $M_{\rm MW}(< 50 \, \rm kpc) = 3.63 \pm 0.16 \times 10^{11}\, \rm M_{\odot}$ and the enclosed LMC mass to be $M_{\rm LMC}(< 50 \, \rm",title_abstract,title_abstract,,,,,"Quantifying the Milky Way, LMC and their interaction using all-sky kinematics of outer halo stars","Richard A. N. Brooks, Jason L. Sanders, Adam M. Dillamore, Nicolás Garavito-Camargo, Vedant Chandra, Adrian M. Price-Whelan, Phillip Cargile",astro-ph.GA,2026-03-09T18:00:04Z,http://arxiv.org/abs/2603.08788v1,2603.08788,galactic_dynamics,156,120,False,True,90,210
astrobench_b7b4f9944a,astrobench_b7b4f9944a_chunk_002,2,"MW mass to be $M_{\rm MW}(< 50 \, \rm kpc) = 3.63 \pm 0.16 \times 10^{11}\, \rm M_{\odot}$ and the enclosed LMC mass to be $M_{\rm LMC}(< 50 \, \rm kpc) = 9.74^{+2.07}_{-1.81} \times 10^{10}\, \rm M_{\odot}$. Our results suggest that the total LMC mass must be at least $\sim20\%$ that of the MW. The velocity anisotropy prior to the LMC's infall is constrained to be $β_0 = 0.61 \pm 0.03$. Finally, we demonstrate that failing to account for the LMC in models biases the MW mass estimate to prefer slightly more massive values.",title_abstract,title_abstract,,,,,"Quantifying the Milky Way, LMC and their interaction using all-sky kinematics of outer halo stars","Richard A. N. Brooks, Jason L. Sanders, Adam M. Dillamore, Nicolás Garavito-Camargo, Vedant Chandra, Adrian M. Price-Whelan, Phillip Cargile",astro-ph.GA,2026-03-09T18:00:04Z,http://arxiv.org/abs/2603.08788v1,2603.08788,galactic_dynamics,123,94,False,True,180,274
astrobench_c59a82f3b2,astrobench_c59a82f3b2_chunk_000,0,"Comparing dynamical effects of the central bar and the spiral arms in the solar neighborhood. The dynamical effects on the stellar motion produced by the Galactic central bar and the spiral arms perturbations are investigated separately and compared. The stars from the Gaia DR3 catalog are selected in the region of observable completeness, which we estimate as $\sim$1 kpc from the Sun. We apply the 2D model of the Galactic potential consisting of three axisymmetric components, the disk, the bulge, and the dark matter halo, and two non-axisymmetric components, the central bar and the spiral arms. The stellar dynamics is studied using analytical and numerical techniques, such as Hamiltonian topology analysis, the construction of dynamical maps on the representative planes,",title_abstract,title_abstract,,,,,Comparing dynamical effects of the central bar and the spiral arms in the solar neighborhood,"Willian Y. Nacafucasaco, Tatiana A. Michtchenko, Douglas Barros, Jacques Lépine",astro-ph.GA,2026-02-28T20:23:14Z,http://arxiv.org/abs/2603.00800v1,2603.00800,galactic_dynamics,156,120,False,True,0,120
astrobench_c59a82f3b2,astrobench_c59a82f3b2_chunk_001,1,"central bar and the spiral arms. The stellar dynamics is studied using analytical and numerical techniques, such as Hamiltonian topology analysis, the construction of dynamical maps on the representative planes, dynamic spectra, and Poincaré sections. We identify the main dynamical features in the solar neighborhood (SNd), the corotation (CR) and Lindblad resonances (LRs). By assuming that the main moving groups (MGs) in the SNd originate from the resonances, we compare their locations, structures, and intensities with the theoretical predictions and provide a description of the process involved in the formation of the MGs. In addition, we explore parametric planes by adjusting the values of the pattern rotation speed $Ω_{p}$ with the positions of the MGs, for both the spiral arms",title_abstract,title_abstract,,,,,Comparing dynamical effects of the central bar and the spiral arms in the solar neighborhood,"Willian Y. Nacafucasaco, Tatiana A. Michtchenko, Douglas Barros, Jacques Lépine",astro-ph.GA,2026-02-28T20:23:14Z,http://arxiv.org/abs/2603.00800v1,2603.00800,galactic_dynamics,156,120,False,True,90,210
astrobench_c59a82f3b2,astrobench_c59a82f3b2_chunk_002,2,"of the MGs. In addition, we explore parametric planes by adjusting the values of the pattern rotation speed $Ω_{p}$ with the positions of the MGs, for both the spiral arms and bar models, and conclude that the spiral arms model shows better results when compared to those of the bar, under the hypothesis of the dynamical origin of MGs.",title_abstract,title_abstract,,,,,Comparing dynamical effects of the central bar and the spiral arms in the solar neighborhood,"Willian Y. Nacafucasaco, Tatiana A. Michtchenko, Douglas Barros, Jacques Lépine",astro-ph.GA,2026-02-28T20:23:14Z,http://arxiv.org/abs/2603.00800v1,2603.00800,galactic_dynamics,77,59,False,True,180,239
astrobench_15ca427d22,astrobench_15ca427d22_chunk_000,0,"A Low-mass Model of The Milky Way: The Disk Warp Resulting from A Galaxy Merger. Previous studies have shown that disk warps can result from galaxy mergers. Recent research indicates a noticeable decline in the rotation curve (RC) of the Milky Way (MW), suggesting the need for a new low-mass model to describe its dynamical features. This study constructs a new Gaia-Sausage-Enceladus (GSE) merger model to characterize the RC features of our galaxy. We use the GIZMO code to simulate mergers with various orbital parameters to investigate how the disk warp evolves under different conditions. This simulation demonstrates the evolutionary mechanism of disk warp, which arises due to the asymmetric gravitational potential of the dark matter (DM) halo generated universally",title_abstract,title_abstract,,,,,A Low-mass Model of The Milky Way: The Disk Warp Resulting from A Galaxy Merger,"Mingji Deng, Cuihua Du, Jian Zhang, Haoyang Liu, Zhongbcheng Li",astro-ph.GA,2026-01-29T12:41:33Z,http://arxiv.org/abs/2601.21638v1,2601.21638,galactic_dynamics,156,120,False,False,0,120
astrobench_15ca427d22,astrobench_15ca427d22_chunk_001,1,"warp evolves under different conditions. This simulation demonstrates the evolutionary mechanism of disk warp, which arises due to the asymmetric gravitational potential of the dark matter (DM) halo generated universally by galaxy mergers. The results indicate that the tilt angle of the DM halo partly reflects the gravitational strength at the $Z=0$ plane, while the gravitational strength on the disk plane reflects the amplitude of disk warp. We identify a dual-regime interaction mechanism driven by the asymmetric halo potential. On short timescales, we find a distinct anti-correlation between the halo's tilt angle and the disk's warp amplitude, indicating a `seesaw' mechanism of angular momentum exchange. On secular timescales, however, dynamical friction drives a global alignment, causing both the halo tilt",title_abstract,title_abstract,,,,,A Low-mass Model of The Milky Way: The Disk Warp Resulting from A Galaxy Merger,"Mingji Deng, Cuihua Du, Jian Zhang, Haoyang Liu, Zhongbcheng Li",astro-ph.GA,2026-01-29T12:41:33Z,http://arxiv.org/abs/2601.21638v1,2601.21638,galactic_dynamics,156,120,False,True,90,210
astrobench_15ca427d22,astrobench_15ca427d22_chunk_002,2,"tilt angle and the disk's warp amplitude, indicating a `seesaw' mechanism of angular momentum exchange. On secular timescales, however, dynamical friction drives a global alignment, causing both the halo tilt and the warp amplitude to decay simultaneously. Furthermore, we demonstrate that high-inclination mergers can sustain long-lived prograde precession, where the persistent yet decaying gravitational torque maintains the prograde bending mode against differential wind-up.",title_abstract,title_abstract,,,,,A Low-mass Model of The Milky Way: The Disk Warp Resulting from A Galaxy Merger,"Mingji Deng, Cuihua Du, Jian Zhang, Haoyang Liu, Zhongbcheng Li",astro-ph.GA,2026-01-29T12:41:33Z,http://arxiv.org/abs/2601.21638v1,2601.21638,galactic_dynamics,82,63,False,False,180,243
astrobench_d82fccf1ca,astrobench_d82fccf1ca_chunk_000,0,"Stirring Things Up: Bar-induced substructures in the stellar halo of a cosmological Milky Way analogue. The stellar halo of the Milky Way contains the remnants of past accretion events, which could be detectable as substructures in the classical integrals of motion space, such as energy and angular momentum (E-Lz). However, our galaxy also contains a non-axisymmetric stellar bar, which traps stars in resonant orbits, leading to substructures in phase-space. Using a high-resolution magneto-hydrodynamic cosmological zoom-in simulation of a Milky Way analogue, we explore the connection between the bar and the accreted stellar halo. We find that the bar induces prominent substructures, or ""ridges"", in E-Lz, caused by the resonances. The most pronounced of these is caused by the corotation and",title_abstract,title_abstract,,,,,Stirring Things Up: Bar-induced substructures in the stellar halo of a cosmological Milky Way analogue,"Thomas Tomlinson, Francesca Fragkoudi, Andreia Carrillo, Azadeh Fattahi, Paula Gherghinescu, Alis Deason, Rüdiger Pakmor, Robert J. J. Grand, Facundo A. Gómez, Freeke van de Voort, Rebekka Bieri",astro-ph.GA,2026-01-20T19:14:36Z,http://arxiv.org/abs/2601.14409v1,2601.14409,galactic_dynamics,156,120,False,False,0,120
astrobench_d82fccf1ca,astrobench_d82fccf1ca_chunk_001,1,"accreted stellar halo. We find that the bar induces prominent substructures, or ""ridges"", in E-Lz, caused by the resonances. The most pronounced of these is caused by the corotation and the retrograde 1:1 resonances, with weaker ridges visible due to the prograde 1:1 and outer Lindblad resonance. The ridges are present across much of the stellar halo, with variations in radius due to the morphology of different orbital families. We explore the scattering of orbits at the resonances, finding that stars trapped at the 1:1 retrograde resonance become more circularised and have more negative angular momentum. Additionally, stars can move between the corotation and retrograde 1:1 families, thus alternating between prograde and retrograde motion. Due to these scatterings and the",title_abstract,title_abstract,,,,,Stirring Things Up: Bar-induced substructures in the stellar halo of a cosmological Milky Way analogue,"Thomas Tomlinson, Francesca Fragkoudi, Andreia Carrillo, Azadeh Fattahi, Paula Gherghinescu, Alis Deason, Rüdiger Pakmor, Robert J. J. Grand, Facundo A. Gómez, Freeke van de Voort, Rebekka Bieri",astro-ph.GA,2026-01-20T19:14:36Z,http://arxiv.org/abs/2601.14409v1,2601.14409,galactic_dynamics,156,120,False,False,90,210
astrobench_d82fccf1ca,astrobench_d82fccf1ca_chunk_002,2,"and have more negative angular momentum. Additionally, stars can move between the corotation and retrograde 1:1 families, thus alternating between prograde and retrograde motion. Due to these scatterings and the pre-existing metallicity gradients in the accreted population, the bar-induced substructures have distinct metallicities compared to stars in the surrounding phase-space. Our results suggest the need for caution when searching the Milky Way stellar halo for accreted substructures in both integral of motions and chemical spaces, since these can be induced by internal perturbations.",title_abstract,title_abstract,,,,,Stirring Things Up: Bar-induced substructures in the stellar halo of a cosmological Milky Way analogue,"Thomas Tomlinson, Francesca Fragkoudi, Andreia Carrillo, Azadeh Fattahi, Paula Gherghinescu, Alis Deason, Rüdiger Pakmor, Robert J. J. Grand, Facundo A. Gómez, Freeke van de Voort, Rebekka Bieri",astro-ph.GA,2026-01-20T19:14:36Z,http://arxiv.org/abs/2601.14409v1,2601.14409,galactic_dynamics,108,83,False,False,180,263
